transaction_id,item 1,item 2,item 3,item 4,item 5
T01052,P1000,P1016,P1066,P1098,P1139
T01370,P1000,P1019,P1041,P1157,P1255
T01573,P1000,P1045,P1256,,
T02798,P1000,P1111,P1193,P1256,P1298
T02869,P1000,P1124,P1249,P1278,P1339
T01824,P1000,P1068,P1116,P1207,P1359
T00529,P1000,P1163,P1260,P1319,
T00680,P1000,P1265,P1326,,
T00975,P1000,P1002,P1161,P1210,P1292
T02571,P1000,P1043,P1089,P1166,P1355
T02596,P1000,P1066,P1136,P1209,
T00690,P1000,P1005,P1061,P1252,
T00898,P1000,P1094,P1160,,
T01483,P1000,P1174,P1206,P1340,
T01789,P1000,P1019,P1267,P1290,
T01925,P1000,P1139,P1176,P1304,
T02352,P1000,P1010,P1040,P1058,P1284
T00455,P1001,P1194,P1256,P1315,
T00992,P1001,P1068,P1078,P1147,P1201
T01107,P1001,P1278,,,
T01583,P1001,P1101,P1177,P1189,
T02061,P1001,P1079,P1178,P1327,
T02210,P1001,P1030,P1229,P1317,
T00081,P1001,P1152,P1220,,
T00879,P1001,P1138,P1292,,
T00995,P1001,P1047,P1111,P1175,P1189
T01189,P1001,P1093,P1195,P1212,
T01246,P1001,P1128,P1185,P1329,
T01338,P1001,P1136,,,
T01606,P1001,P1006,P1011,P1265,P1277
T02306,P1001,P1059,P1172,P1208,
T02941,P1001,P1026,P1334,P1353,
T00199,P1001,P1352,,,
T00230,P1001,P1255,P1287,,
T00897,P1001,,,,
T01476,P1001,P1005,P1173,P1228,P1341
T01643,P1001,P1121,,,
T02123,P1001,P1041,,,
T02161,P1001,P1140,P1207,P1286,
T02634,P1001,P1198,P1274,P1310,
T02674,P1001,P1062,P1297,,
T00380,P1001,P1060,P1267,P1327,P1343
T01978,P1001,P1094,P1297,P1335,
T02420,P1001,,,,
T02939,P1001,P1024,P1087,P1109,P1149
T00310,P1002,P1134,,,
T00656,P1002,P1115,P1167,,
T00778,P1002,P1354,,,
T01511,P1002,P1132,P1221,P1273,P1358
T01755,P1002,P1011,P1036,P1215,P1238
T00009,P1002,P1094,P1215,P1276,
T00562,P1002,P1315,P1315,,
T01158,P1002,P1011,P1333,,
T01184,P1002,P1016,P1059,P1223,
T01812,P1002,P1197,,,
T01896,P1002,P1192,P1226,P1334,
T01969,P1002,P1003,P1068,P1300,P1356
T02048,P1002,P1021,P1033,P1244,P1329
T02201,P1002,P1040,P1089,P1167,
T02328,P1002,P1127,P1299,P1319,
T00590,P1002,P1152,P1329,,
T00699,P1002,P1071,P1222,,
T00828,P1002,P1003,P1251,P1290,
T01381,P1002,P1048,,,
T02191,P1002,P1011,P1209,P1214,P1325
T02308,P1002,P1017,P1023,P1123,P1179
T02982,P1002,P1038,P1300,P1332,P1340
T03000,P1002,P1125,P1126,P1301,P1338
T00494,P1002,P1327,P1353,,
T00753,P1002,P1083,P1231,P1253,P1328
T01324,P1002,P1008,P1017,P1142,P1323
T02101,P1002,P1104,P1198,P1306,
T02178,P1002,P1124,P1205,,
T02370,P1002,P1078,P1276,P1299,
T02384,P1002,P1064,P1209,P1300,
T02658,P1002,P1066,P1241,,
T01221,P1003,P1149,P1159,P1203,P1315
T02267,P1003,P1318,P1343,P1351,
T02777,P1003,P1122,P1126,P1186,
T02902,P1003,,,,
T00940,P1003,P1175,,,
T01329,P1003,P1203,P1208,P1238,P1319
T01474,P1003,P1088,P1184,P1201,
T01762,P1003,P1041,P1112,P1258,P1273
T02721,P1003,P1042,P1161,P1182,P1296
T02121,P1003,P1110,P1299,P1348,
T02157,P1003,P1131,P1197,P1222,P1322
T02206,P1003,P1205,,,
T02264,P1003,P1079,P1141,P1143,P1178
T02567,P1003,P1261,P1278,P1333,
T00511,P1003,P1106,P1223,,
T00811,P1003,P1029,P1247,P1299,P1328
T00834,P1003,P1051,,,
T01608,P1003,P1330,,,
T01886,P1003,P1090,P1310,,
T02025,P1003,P1112,P1147,P1159,P1265
T02055,P1003,P1068,P1108,P1296,
T00008,P1004,P1016,P1023,P1237,
T00488,P1004,P1036,P1302,,
T00720,P1004,P1208,,,
T01558,P1004,,,,
T02423,P1004,P1272,P1288,P1352,
T01357,P1004,P1086,P1104,P1182,P1305
T00232,P1004,P1065,P1317,,
T00584,P1004,P1024,P1140,P1154,P1255
T01552,P1004,P1205,P1246,P1336,
T02194,P1004,,,,
T02252,P1004,P1048,P1152,P1184,P1253
T02357,P1004,P1063,P1080,P1191,P1209
T02459,P1004,P1030,P1081,P1242,
T02930,P1004,P1074,P1226,P1256,P1276
T00144,P1004,P1169,P1233,,
T00245,P1004,P1105,P1353,,
T01622,P1004,P1149,P1173,P1262,
T02379,P1004,P1217,P1218,P1279,P1281
T02986,P1004,P1109,P1139,P1275,P1311
T00939,P1005,P1275,,,
T00948,P1005,P1008,P1068,P1275,
T01442,P1005,P1050,P1052,P1287,
T02759,P1005,P1009,,,
T02979,P1005,P1011,P1018,P1107,P1156
T00557,P1005,P1101,P1202,P1286,P1352
T00659,P1005,P1290,,,
T00805,P1005,P1051,P1132,P1186,P1298
T01012,P1005,P1142,P1190,P1255,P1285
T01393,P1005,P1011,P1024,,
T02081,P1005,P1053,P1320,,
T02589,P1005,P1012,P1048,P1177,P1263
T00343,P1005,P1057,P1202,,
T00493,P1005,P1202,P1241,,
T00597,P1005,P1061,P1184,P1285,P1341
T00607,P1005,P1020,P1196,,
T01390,P1005,P1043,,,
T00329,P1006,P1010,P1092,P1281,P1340
T00421,P1006,,,,
T00566,P1006,P1016,P1033,P1206,P1238
T00668,P1006,P1050,P1078,P1140,
T01371,P1006,P1044,P1123,P1264,P1301
T01383,P1006,P1092,P1139,,
T01757,P1006,P1024,P1038,P1203,P1263
T02707,P1006,P1110,,,
T00308,P1006,P1082,,,
T00579,P1006,P1076,P1276,,
T00740,P1006,P1346,,,
T01780,P1006,P1050,P1076,P1098,P1196
T01953,P1006,P1160,P1314,P1316,P1340
T02392,P1006,P1168,P1270,,
T02566,P1006,P1014,P1140,P1162,
T00745,P1006,P1053,P1241,P1255,
T01075,P1006,P1079,P1082,P1096,P1278
T01464,P1006,P1010,P1161,P1254,P1333
T01638,P1006,P1028,P1127,P1328,
T01946,P1006,P1109,P1117,P1264,P1302
T02034,P1006,P1160,P1301,,
T02154,P1006,P1044,P1054,P1274,P1338
T02728,P1006,P1327,,,
T00211,P1006,P1191,P1278,,
T00472,P1006,P1050,P1329,P1347,
T00762,P1006,P1041,P1223,,
T01255,P1006,P1300,,,
T01520,P1006,P1062,P1252,P1254,P1340
T01555,P1006,P1052,P1157,P1171,P1263
T02037,P1006,P1016,P1195,P1247,
T02844,P1006,P1158,P1180,P1199,P1221
T00798,P1007,P1054,P1080,P1276,P1303
T01404,P1007,P1046,P1053,P1094,
T01891,P1007,P1226,,,
T01892,P1007,P1226,P1230,P1291,P1347
T02084,P1007,P1047,P1104,P1209,
T00074,P1007,P1133,P1147,P1229,P1236
T00183,P1007,P1100,P1103,P1172,P1349
T02033,P1007,P1082,P1347,,
T02766,P1007,P1029,,,
T02904,P1007,P1036,P1076,P1140,
T02984,P1007,P1112,,,
T00958,P1007,P1019,P1234,,
T01190,P1007,P1162,P1259,P1308,
T01237,P1007,P1108,P1231,,
T00154,P1007,P1144,P1166,P1232,
T00937,P1007,P1199,,,
T01123,P1007,P1187,P1194,P1224,P1284
T01340,P1007,P1038,P1125,P1208,P1266
T01398,P1007,P1039,,,
T01987,P1007,,,,
T02856,P1007,P1138,,,
T00067,P1008,P1090,P1166,P1348,
T01521,P1008,P1075,P1106,,
T01662,P1008,,,,
T01785,P1008,P1182,,,
T01888,P1008,P1037,P1073,,
T00184,P1008,P1020,P1186,P1335,
T00458,P1008,P1124,P1243,P1254,P1268
T01164,P1008,,,,
T01502,P1008,P1041,P1221,,
T02962,P1008,P1031,P1044,P1341,
T00271,P1008,P1019,P1032,P1068,P1080
T01013,P1008,P1105,P1134,P1220,P1288
T01202,P1008,P1056,P1184,P1282,P1312
T01447,P1008,P1253,,,
T01716,P1008,P1127,P1170,P1336,
T01897,P1008,P1109,,,
T02135,P1008,P1056,P1083,P1092,P1344
T02200,P1008,,,,
T01026,P1008,P1088,P1227,,
T01210,P1008,,,,
T01829,P1008,P1010,P1193,,
T02275,P1008,P1043,,,
T02322,P1008,P1020,P1145,P1255,P1328
T00713,P1009,P1276,P1276,,
T01589,P1009,P1048,P1175,P1200,P1251
T02151,P1009,,,,
T02918,P1009,P1036,P1277,P1301,
T02929,P1009,P1020,,,
T01353,P1009,P1096,,,
T02980,P1009,P1071,P1109,P1119,P1307
T00469,P1009,P1032,P1174,P1193,
T02946,P1009,P1126,P1209,P1320,P1352
T01211,P1009,P1046,P1070,P1081,P1340
T01519,P1009,P1057,P1160,P1313,
T01943,P1009,P1120,P1134,P1292,
T02166,P1009,P1318,P1333,,
T02289,P1009,P1109,P1283,P1291,P1354
T02321,P1009,P1165,,,
T02490,P1009,P1012,P1025,P1043,P1101
T02859,P1009,P1043,P1056,P1101,P1117
T00013,P1010,P1112,P1140,P1178,P1270
T00054,P1010,P1168,P1231,P1345,
T00802,P1010,P1053,P1111,P1177,
T01141,P1010,P1049,P1098,P1311,
T00197,P1010,P1082,P1124,P1243,
T00874,P1010,P1199,P1282,,
T01691,P1010,P1037,P1253,P1284,
T01922,P1010,P1118,P1136,P1205,
T00603,P1010,P1051,P1262,P1316,P1329
T00781,P1010,,,,
T00915,P1010,P1173,P1331,P1348,P1359
T01709,P1010,P1065,P1185,,
T02202,P1010,P1135,P1203,,
T02416,P1010,P1017,P1270,,
T00518,P1010,P1049,,,
T00813,P1010,P1086,P1094,P1324,P1341
T01097,P1010,,,,
T02287,P1010,P1134,P1162,P1231,P1321
T02793,P1010,P1267,P1302,,
T00799,P1011,P1122,,,
T01086,P1011,P1073,P1143,P1191,
T01461,P1011,P1171,P1195,P1271,P1275
T00473,P1011,P1109,P1128,P1206,P1239
T00548,P1011,,,,
T00683,P1011,,,,
T00965,P1011,P1142,P1167,P1357,
T01280,P1011,P1079,P1155,P1250,
T02536,P1011,P1045,P1069,P1313,
T02547,P1011,P1049,P1197,P1295,P1317
T02559,P1011,P1044,P1062,P1211,P1292
T02575,P1011,P1168,P1201,,
T02931,P1011,P1145,P1149,P1223,
T00957,P1011,P1097,P1156,P1247,P1323
T01630,P1011,P1262,,,
T01684,P1011,P1020,P1097,P1330,P1357
T02318,P1011,P1305,,,
T02333,P1011,,,,
T00178,P1011,,,,
T00241,P1011,P1088,P1141,P1355,P1356
T00351,P1011,P1156,P1216,P1241,P1281
T00386,P1011,P1099,P1157,,
T00387,P1011,P1170,P1263,P1275,P1323
T00413,P1011,P1200,,,
T00521,P1011,P1324,P1351,,
T01150,P1011,P1329,,,
T02698,P1011,P1275,,,
T00532,P1012,P1021,P1222,P1315,
T01156,P1012,P1034,,,
T02387,P1012,P1268,,,
T02562,P1012,P1163,P1228,P1322,P1337
T02834,P1012,P1041,P1079,P1081,
T01479,P1012,P1278,P1308,P1319,P1331
T01887,P1012,P1237,P1278,,
T00914,P1012,P1042,P1155,P1172,P1359
T01045,P1012,P1047,P1238,P1268,P1346
T02205,P1012,P1075,P1285,P1355,P1355
T02620,P1012,P1060,,,
T00028,P1012,P1194,P1253,P1260,P1262
T00189,P1012,P1035,P1138,,
T00573,P1012,P1114,P1187,P1299,
T01448,P1012,P1130,P1292,P1343,
T01934,P1012,P1024,P1039,P1175,
T02165,P1012,,,,
T02278,P1012,,,,
T02555,P1012,P1197,P1229,,
T01093,P1013,P1040,P1089,P1237,P1244
T01599,P1013,P1014,,,
T01918,P1013,P1030,P1116,P1248,
T00167,P1013,,,,
T00729,P1013,P1062,P1154,P1171,P1328
T00776,P1013,P1019,P1095,P1168,P1314
T01434,P1013,P1035,P1138,P1218,
T01835,P1013,P1091,P1179,P1313,
T00601,P1013,P1126,P1324,,
T00669,P1013,P1021,P1113,P1269,P1297
T01413,P1013,P1063,P1171,P1250,
T00796,P1013,P1227,P1328,P1331,
T01830,P1013,P1020,P1030,P1345,
T01924,P1014,P1092,P1103,P1164,P1343
T02190,P1014,P1262,P1356,,
T02294,P1014,P1058,P1063,P1276,
T02586,P1014,P1077,P1153,,
T02633,P1014,P1075,P1134,P1259,
T02647,P1014,P1047,P1242,,
T02870,P1014,P1042,P1224,P1331,
T00296,P1014,P1066,P1076,P1186,P1331
T00513,P1014,P1113,P1121,,
T02038,P1014,P1097,P1225,P1261,
T02319,P1014,P1038,P1077,P1334,
T02671,P1014,P1037,P1058,P1203,
T02763,P1014,P1021,P1048,P1052,P1122
T00016,P1014,P1051,P1098,,
T00616,P1014,P1067,P1348,,
T00670,P1014,P1069,P1202,,
T01975,P1014,P1224,P1334,,
T02356,P1014,P1254,,,
T00109,P1014,P1063,P1196,,
T00544,P1014,,,,
T00675,P1014,P1079,P1244,P1275,P1286
T02520,P1014,P1232,P1251,,
T00196,P1015,P1040,P1184,P1314,
T00550,P1015,P1280,,,
T00019,P1015,P1107,P1300,,
T00276,P1015,P1087,P1124,,
T01634,P1015,P1211,P1215,P1330,
T02011,P1015,P1189,,,
T00272,P1015,P1075,P1311,,
T00367,P1015,P1071,P1286,,
T00575,P1015,P1033,P1246,P1279,P1357
T01706,P1015,P1034,P1306,P1326,
T02204,P1015,P1056,P1097,P1204,P1221
T00156,P1015,P1198,P1326,,
T00871,P1015,P1047,P1059,P1208,P1333
T02428,P1015,P1248,,,
T02836,P1015,P1170,P1172,P1238,
T00639,P1016,P1209,,,
T00712,P1016,P1083,,,
T01138,P1016,P1027,P1214,P1228,P1350
T00135,P1016,P1170,P1270,P1293,
T00565,P1016,P1092,P1227,P1265,P1287
T01166,P1016,P1102,,,
T01846,P1016,P1168,P1201,P1220,P1289
T02006,P1016,P1114,P1123,,
T02535,P1016,P1115,P1227,P1231,P1353
T02908,P1016,P1049,P1073,P1275,
T02914,P1016,P1019,P1177,P1210,P1244
T00240,P1016,P1113,P1238,P1303,
T01011,P1016,P1103,P1198,P1204,P1322
T01973,P1016,P1303,,,
T02276,P1016,P1186,,,
T00467,P1016,P1080,,,
T00687,P1016,P1092,P1266,P1353,
T00907,P1016,P1221,,,
T00919,P1016,P1085,P1248,P1319,P1324
T01626,P1016,P1119,P1188,P1330,P1345
T02065,P1016,P1062,P1186,P1330,P1332
T02553,P1016,P1094,P1320,,
T02645,P1016,P1214,P1225,P1286,P1338
T00514,P1017,P1163,,,
T00524,P1017,P1158,P1294,,
T00951,P1017,P1062,P1242,,
T01018,P1017,P1109,P1137,P1167,P1198
T01053,P1017,P1221,P1280,,
T02996,P1017,P1054,P1115,P1118,
T00021,P1017,P1042,P1046,P1128,P1190
T00388,P1017,P1057,,,
T00602,P1017,P1017,P1078,P1137,P1319
T00979,P1017,P1051,P1206,P1321,P1355
T01031,P1017,P1093,,,
T01142,P1017,P1160,P1200,,
T01411,P1017,,,,
T01485,P1017,P1263,P1285,P1308,P1318
T01794,P1017,P1173,P1240,P1293,P1309
T01916,P1017,P1043,P1131,P1205,P1206
T02012,P1017,P1057,P1100,P1185,
T02873,P1017,P1163,P1232,P1273,P1278
T00173,P1017,P1160,P1251,P1337,
T01646,P1017,P1057,P1281,,
T02153,P1017,P1085,P1102,P1122,P1139
T02885,P1017,P1057,P1186,P1331,
T01108,P1017,P1070,P1088,P1290,
T01512,P1017,P1096,P1198,P1336,
T02378,P1017,P1033,,,
T01526,P1018,P1069,P1160,P1295,
T02540,P1018,P1274,P1356,,
T02686,P1018,P1111,P1317,,
T00765,P1018,,,,
T01336,P1018,P1215,P1227,P1305,P1332
T01369,P1018,P1165,P1176,P1301,P1349
T02241,P1018,P1124,,,
T00588,P1018,P1042,P1172,,
T01192,P1018,P1143,P1190,P1205,P1317
T02992,P1018,P1074,,,
T01360,P1018,,,,
T01497,P1018,P1205,,,
T01605,P1018,,,,
T01661,P1018,,,,
T01917,P1018,P1142,P1214,P1310,
T02597,P1018,P1140,,,
T02814,P1018,P1050,P1093,P1328,
T01347,P1019,P1071,,,
T02331,P1019,P1038,P1193,P1210,P1289
T02401,P1019,P1092,P1345,,
T02999,P1019,P1111,P1272,P1309,P1330
T00644,P1019,P1036,P1242,P1245,P1334
T00785,P1019,P1071,,,
T00941,P1019,P1046,P1241,P1353,P1355
T01874,P1019,P1075,P1154,P1202,
T02225,P1019,P1112,P1306,,
T02237,P1019,P1189,P1251,,
T02448,P1019,P1090,P1102,P1127,P1186
T01098,P1019,P1062,P1078,P1179,P1260
T01952,P1019,P1066,P1332,,
T02220,P1019,P1059,P1134,P1137,P1346
T02799,P1019,P1070,P1076,P1213,P1277
T01115,P1019,P1215,,,
T01525,P1019,P1090,P1187,P1242,P1296
T01773,P1019,P1155,P1166,P1169,P1261
T00326,P1020,P1274,,,
T00449,P1020,P1200,P1270,,
T00725,P1020,P1111,P1257,P1306,P1333
T01412,P1020,P1210,P1213,P1321,
T02268,P1020,P1048,P1213,P1311,
T02785,P1020,P1066,,,
T02833,P1020,P1051,P1261,P1320,P1321
T01272,P1020,P1052,P1053,P1185,P1207
T02450,P1020,P1040,P1167,P1242,
T00370,P1020,P1109,P1208,P1267,
T01481,P1020,P1101,P1107,P1252,
T02281,P1020,P1065,P1105,P1256,
T00311,P1020,P1198,P1240,P1262,P1313
T00399,P1020,P1125,P1205,P1206,
T00703,P1020,P1200,P1311,,
T00717,P1020,P1099,P1273,P1320,
T00821,P1020,P1144,P1162,P1342,
T00982,P1020,P1063,P1222,P1283,
T01380,P1020,P1040,P1078,P1338,
T01673,P1020,P1107,P1187,P1306,P1335
T01787,P1020,P1066,P1172,P1349,
T02626,P1020,P1076,P1094,P1232,P1316
T00231,P1021,P1054,P1160,P1244,
T00297,P1021,P1045,P1056,P1123,P1196
T00849,P1021,P1098,P1248,P1285,P1343
T01403,P1021,P1073,,,
T02515,P1021,P1101,P1213,P1230,P1335
T02683,P1021,P1024,P1029,P1121,P1320
T00591,P1021,P1196,,,
T00998,P1021,P1054,P1060,P1077,P1179
T01035,P1021,P1057,P1074,P1180,
T01185,P1021,P1091,P1209,,
T01472,P1021,P1105,P1160,P1296,P1332
T02484,P1021,P1302,,,
T00029,P1021,P1050,P1071,P1172,
T00174,P1021,,,,
T01410,P1021,P1172,P1205,P1234,P1270
T01676,P1021,P1037,P1185,P1265,P1316
T02108,P1021,P1143,P1150,P1254,P1284
T02390,P1021,P1103,,,
T02802,P1021,P1087,P1106,,
T00070,P1021,P1327,,,
T00966,P1021,P1241,,,
T01259,P1021,P1051,P1087,P1269,
T01342,P1021,P1260,P1264,P1320,P1336
T01079,P1022,P1169,P1249,P1316,P1342
T01177,P1022,P1030,,,
T01940,P1022,P1034,P1332,,
T01977,P1022,P1249,P1323,,
T02932,P1022,P1048,P1111,P1128,
T00077,P1022,P1170,P1353,,
T00341,P1022,P1255,P1306,P1358,
T00856,P1022,,,,
T01591,P1022,P1169,P1353,,
T02405,P1022,P1129,,,
T00909,P1022,P1055,P1355,,
T01751,P1022,P1050,P1084,P1167,
T02077,P1022,,,,
T02176,P1022,P1040,P1099,P1147,
T02407,P1022,P1153,P1315,,
T00850,P1022,P1173,P1179,P1207,
T01029,P1022,P1215,P1237,P1328,
T01257,P1022,P1063,P1152,P1315,P1358
T01532,P1022,P1208,,,
T01595,P1022,P1244,P1293,P1297,
T02501,P1022,P1060,P1239,P1242,P1256
T02773,P1022,P1111,P1168,P1168,P1288
T00411,P1023,P1284,P1290,,
T00658,P1023,P1044,P1122,P1279,
T01043,P1023,,,,
T02425,P1023,P1051,P1170,P1299,
T00895,P1023,P1029,P1146,P1307,P1337
T01148,P1023,P1128,,,
T01428,P1023,P1133,P1287,,
T01586,P1023,P1048,P1064,P1106,P1230
T02439,P1023,P1170,,,
T02756,P1023,P1065,P1208,P1315,
T02315,P1023,P1082,P1116,P1271,P1286
T02576,P1023,P1062,P1071,P1297,
T00726,P1023,P1110,P1165,P1323,P1355
T00763,P1023,P1036,P1118,P1211,P1235
T01263,P1023,P1103,P1238,P1257,P1299
T02383,P1023,P1244,,,
T02496,P1023,P1077,P1110,P1170,P1262
T00035,P1024,P1282,,,
T00924,P1024,P1096,P1161,P1173,P1315
T00964,P1024,P1101,P1123,P1280,
T01274,P1024,P1046,P1107,P1234,
T01581,P1024,P1326,,,
T01939,P1024,P1185,P1262,P1268,P1300
T02004,P1024,P1338,P1338,,
T02230,P1024,,,,
T02330,P1024,P1037,P1115,P1181,P1295
T00110,P1024,,,,
T00754,P1024,P1074,,,
T01213,P1024,P1061,P1079,P1226,P1282
T01869,P1024,P1189,P1337,,
T02514,P1024,P1079,P1137,P1239,
T00162,P1024,P1107,P1121,P1157,P1165
T00253,P1024,P1089,P1093,P1114,P1348
T00275,P1024,P1062,P1232,P1330,
T00384,P1024,P1106,P1115,P1319,
T00678,P1024,,,,
T00977,P1024,P1211,P1272,P1357,
T01883,P1024,P1031,,,
T02603,P1024,P1125,,,
T02753,P1024,P1032,P1045,P1139,P1170
T00160,P1024,,,,
T00398,P1024,P1168,P1169,P1222,P1238
T00817,P1024,P1092,P1220,P1252,P1285
T01396,P1024,P1127,P1351,,
T00766,P1025,P1201,P1207,P1210,P1320
T00800,P1025,P1323,,,
T01746,P1025,P1133,P1166,P1175,P1210
T02277,P1025,P1131,P1314,,
T02657,P1025,P1104,P1120,P1243,P1329
T00653,P1025,P1028,P1176,,
T01579,P1025,P1270,P1351,,
T00346,P1025,P1163,P1166,P1273,
T01186,P1025,P1094,P1321,,
T02628,P1025,P1032,P1167,,
T00415,P1025,P1045,P1060,P1073,P1294
T01008,P1025,P1222,P1327,,
T02661,P1025,P1031,,,
T02752,P1025,P1139,P1180,,
T01087,P1026,P1307,P1317,P1328,
T01855,P1026,P1077,P1089,P1200,P1233
T02433,P1026,P1194,P1203,P1221,P1314
T02604,P1026,,,,
T00389,P1026,P1073,P1121,,
T00538,P1026,P1103,P1137,,
T01102,P1026,P1058,P1135,P1179,P1269
T01219,P1026,P1303,,,
T01554,P1026,P1205,P1354,,
T02580,P1026,P1058,P1107,P1287,
T02916,P1026,P1043,P1303,P1308,P1341
T00080,P1026,P1177,P1346,,
T01436,P1026,P1156,,,
T02821,P1026,P1260,P1274,P1284,P1342
T02955,P1026,P1027,P1119,P1180,P1198
T00015,P1026,P1080,P1080,P1231,P1307
T00739,P1026,,,,
T00787,P1026,P1041,P1118,P1254,P1311
T01668,P1026,P1187,P1239,P1244,P1329
T01885,P1026,,,,
T01911,P1026,P1167,P1236,P1340,
T02226,P1026,P1045,P1053,,
T02362,P1026,P1163,P1178,P1289,P1301
T02848,P1026,P1035,P1086,P1242,P1283
T02963,P1026,P1157,P1264,,
T00457,P1027,P1032,P1091,P1159,
T00574,P1027,P1038,P1107,P1197,P1213
T00994,P1027,P1102,P1324,P1355,
T01198,P1027,,,,
T01486,P1027,P1094,P1123,,
T01539,P1027,P1061,P1063,P1142,
T02622,P1027,P1202,P1256,P1317,P1338
T00547,P1027,P1086,P1154,P1263,P1300
T00715,P1027,P1036,P1041,P1243,
T00868,P1027,P1177,P1336,,
T02823,P1027,P1234,P1292,P1313,
T02837,P1027,P1167,,,
T00093,P1027,P1147,P1282,P1290,P1345
T00254,P1027,P1099,P1172,P1254,P1310
T00423,P1027,P1342,,,
T01130,P1027,P1131,P1160,P1223,P1321
T01251,P1027,P1244,P1323,P1341,
T01578,P1027,P1318,,,
T02365,P1027,P1078,P1332,,
T02666,P1027,P1034,P1295,P1320,
T02868,P1027,P1162,P1217,,
T00102,P1027,P1042,P1142,P1299,P1336
T00124,P1027,P1124,P1288,,
T00130,P1027,P1080,P1181,P1211,P1240
T00224,P1027,P1169,P1320,P1324,
T00269,P1027,P1035,P1098,P1284,P1322
T00349,P1027,P1039,P1197,P1256,P1287
T00558,P1027,P1191,,,
T00612,P1027,P1068,P1101,P1102,P1295
T00767,P1027,P1120,P1190,P1278,
T00923,P1027,P1085,P1188,,
T01299,P1027,P1300,,,
T01527,P1027,P1158,P1299,,
T01687,P1027,P1151,P1219,P1267,P1346
T02222,P1027,P1077,P1342,,
T00061,P1028,P1143,P1260,,
T00451,P1028,P1271,P1287,P1290,
T00592,P1028,P1061,P1133,P1139,
T00750,P1028,P1102,P1184,,
T01240,P1028,P1042,P1093,P1191,P1343
T01796,P1028,P1119,P1198,P1230,
T02198,P1028,P1039,P1140,P1142,P1298
T02577,P1028,P1067,P1300,,
T02890,P1028,P1189,P1358,,
T00316,P1028,,,,
T00422,P1028,P1082,P1143,P1152,
T01864,P1028,P1202,P1251,,
T02809,P1028,P1178,P1185,P1185,P1331
T02924,P1028,P1078,P1147,P1300,
T00161,P1028,P1107,P1132,P1261,
T00908,P1028,P1062,P1067,,
T01621,P1028,P1132,P1157,P1194,P1265
T01683,P1028,P1326,,,
T02530,P1028,P1042,P1110,P1301,P1321
T00486,P1028,P1248,P1308,P1311,
T00561,P1028,,,,
T01296,P1028,,,,
T01910,P1028,P1182,P1216,,
T01956,P1028,P1107,P1167,,
T02005,P1028,,,,
T02544,P1028,P1178,P1239,P1349,P1350
T00132,P1029,P1040,P1230,P1282,P1292
T00641,P1029,P1071,P1187,P1345,
T01247,P1029,P1069,P1119,P1248,P1306
T02395,P1029,P1193,P1217,P1221,P1225
T01302,P1029,P1035,P1075,P1305,
T01884,P1029,,,,
T02148,P1029,P1107,P1155,P1162,
T02303,P1029,P1066,P1109,P1157,P1298
T00025,P1029,,,,
T00194,P1029,P1057,P1120,P1281,P1282
T00609,P1029,P1085,P1248,P1315,
T00921,P1029,P1053,P1301,P1307,P1319
T01014,P1029,P1063,P1137,P1312,
T01054,P1029,P1148,P1272,P1274,P1333
T00113,P1029,P1073,P1272,P1312,P1333
T00883,P1029,P1349,P1357,,
T01326,P1029,P1034,P1038,P1134,P1169
T01388,P1029,P1052,P1120,P1191,P1269
T01821,P1029,,,,
T02907,P1029,P1128,P1129,P1197,P1310
T02990,P1029,P1219,,,
T00487,P1030,P1162,P1213,P1316,P1347
T00676,P1030,P1056,,,
T01648,P1030,P1036,P1186,P1198,P1241
T02367,P1030,P1162,P1198,P1340,
T00540,P1030,P1272,P1301,,
T00627,P1030,,,,
T00899,P1030,P1060,P1111,P1208,P1251
T01484,P1030,P1074,P1124,P1171,
T00142,P1030,P1095,P1119,P1302,P1303
T01759,P1030,P1100,P1175,P1306,
T00332,P1030,P1080,P1135,P1225,
T00852,P1030,P1222,,,
T01649,P1030,P1032,P1112,P1270,P1315
T01771,P1030,P1051,P1077,P1086,P1231
T01901,P1030,P1110,P1153,P1203,P1240
T01906,P1030,,,,
T00447,P1031,P1233,,,
T00847,P1031,P1201,,,
T01243,P1031,P1158,P1204,,
T01355,P1031,P1043,P1289,P1326,
T01443,P1031,P1054,P1109,P1197,
T01616,P1031,P1075,,,
T02795,P1031,P1033,P1238,P1327,
T02951,P1031,P1038,P1055,P1329,
T00770,P1031,P1113,P1302,P1354,
T00936,P1031,P1123,P1149,P1203,
T01072,P1031,P1162,P1297,P1321,
T01140,P1031,P1081,P1109,P1120,P1338
T01460,P1031,P1043,P1178,P1284,P1304
T02014,P1031,P1061,P1082,P1146,P1247
T02539,P1031,P1058,P1282,,
T00193,P1031,P1077,P1129,P1172,
T01656,P1031,P1070,P1076,P1093,P1286
T02522,P1031,P1263,,,
T00841,P1031,,,,
T01994,P1031,P1125,P1144,P1358,
T02219,P1031,P1167,P1186,P1278,
T02498,P1031,P1037,P1171,P1173,P1290
T02612,P1031,P1156,P1185,P1246,P1280
T02937,P1031,P1113,P1281,P1319,
T00362,P1032,,,,
T00410,P1032,P1055,P1106,,
T00431,P1032,P1046,P1079,P1272,
T01362,P1032,P1187,P1218,,
T02595,P1032,P1101,P1307,,
T02650,P1032,P1050,P1289,,
T00615,P1032,P1075,P1240,P1329,
T00630,P1032,P1112,P1171,P1204,P1290
T01449,P1032,P1185,P1219,P1310,P1310
T02581,P1032,P1108,P1270,P1286,P1300
T00090,P1032,P1100,P1133,P1195,P1221
T01658,P1032,P1128,P1288,,
T02670,P1032,P1038,P1138,P1174,P1211
T02945,P1032,P1112,P1234,P1348,
T00242,P1032,P1141,P1166,P1246,P1345
T01424,P1032,P1093,,,
T00334,P1033,P1145,,,
T01048,P1033,P1034,P1152,P1288,
T01214,P1033,P1076,P1296,,
T01215,P1033,P1066,P1221,,
T01744,P1033,P1174,P1275,P1353,
T01792,P1033,P1039,P1040,P1135,P1325
T02396,P1033,P1137,P1163,P1185,P1319
T00531,P1033,P1052,P1092,P1239,P1313
T00911,P1033,P1093,P1144,P1171,P1294
T00985,P1033,P1306,,,
T01557,P1033,P1089,P1105,P1192,P1333
T01568,P1033,P1203,P1287,P1355,
T02073,P1033,P1034,P1129,P1230,P1254
T02158,P1033,P1250,P1339,,
T00433,P1033,,,,
T01069,P1033,,,,
T01454,P1033,P1117,P1278,P1330,
T00208,P1033,P1119,P1221,P1239,
T01015,P1033,P1074,P1272,,
T01279,P1033,P1144,P1147,P1167,
T01775,P1033,P1037,P1199,,
T02551,P1033,P1079,P1217,P1294,
T02812,P1033,P1136,P1160,P1222,P1230
T00782,P1034,P1079,P1175,P1288,
T00807,P1034,P1080,P1271,P1331,
T02917,P1034,P1124,P1275,,
T00141,P1034,P1054,P1107,P1113,P1211
T00293,P1034,P1093,P1115,P1243,
T00737,P1034,P1073,P1329,,
T00876,P1034,P1076,,,
T02111,P1034,P1161,P1252,P1275,P1357
T02860,P1034,P1068,P1246,P1270,P1310
T02898,P1034,,,,
T01034,P1034,,,,
T02643,P1034,P1167,,,
T00304,P1034,P1220,P1239,P1256,
T00587,P1034,P1278,,,
T00682,P1034,P1171,P1188,,
T02136,P1034,P1161,,,
T01128,P1035,P1291,P1344,,
T01867,P1035,P1059,P1230,P1248,
T02096,P1035,P1117,P1288,P1309,
T00489,P1035,P1324,P1338,,
T01510,P1035,P1139,P1164,P1347,
T02109,P1035,P1047,P1053,P1155,P1180
T02231,P1035,P1157,P1163,P1243,P1345
T02677,P1035,P1183,P1224,,
T02943,P1035,P1158,P1162,P1269,P1298
T00033,P1035,P1058,P1160,,
T00339,P1035,,,,
T00470,P1035,P1138,P1340,,
T00536,P1035,P1099,P1212,P1284,P1295
T00804,P1035,P1142,,,
T01089,P1035,P1273,P1287,P1314,P1334
T01604,P1035,P1064,P1300,P1303,
T01834,P1035,P1100,P1188,,
T02478,P1035,P1040,P1205,P1321,
T02716,P1035,P1309,P1322,P1355,P1357
T02746,P1035,P1095,P1158,,
T00024,P1035,P1054,P1061,P1148,P1233
T00140,P1035,P1041,,,
T01067,P1035,P1139,P1187,P1248,P1282
T01163,P1035,P1038,P1209,P1220,P1249
T01218,P1035,P1293,,,
T01657,P1035,P1102,P1230,P1316,
T01752,P1035,P1336,,,
T02051,P1035,P1166,P1293,P1344,
T00354,P1036,P1092,P1280,,
T00664,P1036,P1110,P1204,P1213,P1234
T01082,P1036,P1215,P1243,,
T01725,P1036,P1148,P1207,,
T02391,P1036,,,,
T02512,P1036,P1227,P1289,,
T00233,P1036,P1163,P1223,P1252,
T00280,P1036,P1156,P1249,,
T00624,P1036,P1346,,,
T00844,P1036,P1043,P1090,P1108,P1349
T01228,P1036,P1047,P1049,P1287,P1326
T02028,P1036,P1102,P1183,,
T02242,P1036,P1208,P1222,P1244,
T02510,P1036,P1075,P1106,P1249,P1293
T02853,P1036,P1191,P1332,,
T00078,P1036,P1116,P1188,P1275,P1294
T00696,P1036,P1042,P1106,P1262,P1279
T01913,P1036,P1242,,,
T02072,P1036,P1151,P1214,P1263,P1329
T00757,P1036,P1162,P1169,P1202,P1326
T02789,P1036,P1130,P1198,P1279,
T00040,P1037,P1051,P1154,P1181,P1182
T00317,P1037,P1130,P1298,P1353,
T00526,P1037,P1062,P1131,P1168,P1309
T00961,P1037,P1164,,,
T01430,P1037,P1079,P1085,P1224,P1270
T01498,P1037,P1132,,,
T02738,P1037,P1178,P1293,P1313,
T02805,P1037,P1173,P1188,P1217,P1318
T00662,P1037,P1071,P1184,,
T02598,P1037,P1143,P1294,P1314,
T02708,P1037,P1165,P1199,P1225,P1279
T00179,P1037,P1118,P1211,,
T01037,P1037,P1061,P1199,,
T02208,P1037,,,,
T02504,P1037,P1119,,,
T00039,P1037,P1088,P1126,P1158,P1329
T01538,P1037,P1089,P1183,P1318,
T01629,P1037,,,,
T02800,P1037,,,,
T00829,P1038,P1044,P1069,P1356,
T00865,P1038,P1040,P1132,P1205,
T01644,P1038,P1325,,,
T02249,P1038,P1295,,,
T02967,P1038,P1093,P1303,P1337,
T01565,P1038,P1124,P1351,,
T01778,P1038,,,,
T01793,P1038,P1119,P1279,P1333,
T01923,P1038,P1359,,,
T02659,P1038,P1227,P1268,P1310,P1348
T02066,P1038,,,,
T02298,P1038,P1206,P1235,,
T00840,P1038,P1097,P1160,P1359,
T01224,P1038,P1068,P1147,,
T01282,P1038,P1124,P1270,,
T02103,P1038,P1224,P1319,,
T01467,P1039,P1113,P1239,,
T01660,P1039,P1043,P1167,P1323,
T01810,P1039,P1074,P1341,,
T01065,P1039,P1055,P1078,P1189,
T01252,P1039,P1102,P1346,,
T02091,P1039,P1091,P1263,P1285,P1332
T02638,P1039,P1040,P1164,P1283,
T00520,P1039,,,,
T01397,P1039,P1142,P1169,P1173,P1194
T01772,P1039,P1160,,,
T02494,P1039,P1311,,,
T02583,P1039,P1222,P1246,,
T02662,P1039,P1076,P1250,P1327,
T02871,P1039,P1083,P1135,P1176,
T02874,P1039,P1222,,,
T00439,P1039,P1211,P1262,,
T00463,P1039,,,,
T00651,P1039,P1041,P1163,P1216,P1317
T01742,P1039,P1042,P1107,P1198,P1331
T01848,P1039,P1106,P1115,P1290,P1308
T02646,P1039,,,,
T02985,P1039,P1136,P1187,P1267,
T02290,P1040,P1051,,,
T02348,P1040,P1176,P1184,,
T02386,P1040,P1091,P1179,P1243,P1276
T02590,P1040,P1115,P1338,,
T00205,P1040,P1098,P1159,P1256,
T00244,P1040,P1062,P1071,,
T01103,P1040,P1120,P1156,,
T01386,P1040,P1352,,,
T02082,P1040,P1195,P1232,,
T00221,P1040,P1245,P1252,,
T01506,P1040,P1156,P1347,,
T02124,P1040,P1140,,,
T00114,P1040,P1090,P1256,,
T00344,P1040,P1083,P1105,P1347,
T01182,P1040,P1236,P1259,,
T01534,P1040,P1108,P1118,P1201,
T01938,P1040,,,,
T02064,P1040,P1341,P1358,,
T02172,P1040,P1290,,,
T02903,P1040,P1223,P1264,,
T00835,P1041,P1067,P1101,P1166,P1225
T01203,P1041,P1071,P1269,P1289,P1289
T01289,P1041,P1142,P1313,P1342,P1353
T01733,P1041,P1316,,,
T02760,P1041,P1224,P1330,,
T00202,P1041,P1094,P1234,P1322,
T00623,P1041,P1176,,,
T00722,P1041,P1078,P1156,P1170,P1184
T00989,P1041,P1233,P1349,,
T02115,P1041,P1302,P1320,,
T02994,P1041,P1064,P1125,,
T00808,P1041,P1119,,,
T01705,P1041,P1299,,,
T01802,P1041,P1071,,,
T00005,P1041,,,,
T01137,P1041,P1096,P1190,,
T01395,P1041,P1155,,,
T00860,P1042,P1087,P1244,P1346,
T00912,P1042,P1128,P1195,P1278,
T01462,P1042,P1053,P1233,,
T01612,P1042,P1133,P1140,P1140,P1178
T02078,P1042,P1207,,,
T00099,P1042,P1060,P1072,P1072,P1337
T00460,P1042,P1173,,,
T00507,P1042,P1103,P1110,P1215,
T00823,P1042,P1128,P1277,,
T01406,P1042,P1118,P1283,,
T01408,P1042,P1283,,,
T01914,P1042,P1079,P1152,P1225,P1249
T01998,P1042,P1096,P1221,,
T02372,P1042,P1077,P1168,P1185,
T01926,P1042,P1252,P1280,P1342,
T02632,P1042,P1118,,,
T00168,P1042,P1068,P1250,P1345,P1351
T00793,P1042,P1114,,,
T01331,P1042,P1235,P1358,,
T01712,P1042,P1202,P1244,P1273,P1307
T01728,P1042,P1176,P1217,,
T01984,P1042,P1148,P1204,P1291,
T02018,P1042,P1078,P1233,P1289,
T02451,P1042,,,,
T00724,P1043,P1170,P1291,P1325,
T00453,P1043,P1277,P1317,P1334,
T01677,P1043,P1056,P1157,P1306,
T02371,P1043,,,,
T02817,P1043,P1074,P1158,P1329,
T01544,P1043,P1047,P1238,,
T02112,P1043,P1146,P1173,P1279,
T00621,P1043,P1170,,,
T01265,P1043,P1133,P1144,P1179,
T02373,P1043,P1103,P1341,,
T00228,P1044,P1141,P1230,P1294,P1358
T02508,P1044,P1191,P1344,,
T01415,P1044,P1240,P1349,,
T01499,P1044,P1201,P1263,P1322,
T00333,P1044,P1071,P1090,P1095,P1178
T00391,P1044,P1128,,,
T00736,P1044,P1058,,,
T00905,P1044,P1059,P1073,,
T01898,P1044,P1124,P1187,P1354,
T02000,P1044,P1125,P1263,P1271,P1332
T02221,P1044,P1063,P1085,P1277,P1352
T00721,P1045,P1138,,,
T02116,P1045,P1057,P1139,P1139,P1267
T02207,P1045,P1135,P1216,,
T00786,P1045,P1268,,,
T00931,P1045,P1156,P1192,P1293,
T01635,P1045,P1122,P1165,P1310,P1320
T01872,P1045,P1345,,,
T01905,P1045,P1058,P1112,P1286,P1335
T02029,P1045,P1359,,,
T02175,P1045,P1120,P1239,P1251,
T02470,P1045,P1154,P1316,,
T02882,P1045,P1059,,,
T00279,P1045,P1053,P1249,P1257,
T00625,P1045,P1073,P1248,,
T02187,P1045,P1136,P1356,,
T00882,P1045,P1180,P1221,,
T00960,P1045,P1046,P1235,,
T01033,P1045,,,,
T01095,P1045,,,,
T02465,P1045,P1048,P1195,P1218,
T00087,P1046,P1070,P1189,P1257,P1329
T00260,P1046,P1202,P1213,P1236,
T00553,P1046,P1085,P1085,P1087,P1167
T02086,P1046,P1085,,,
T02900,P1046,P1086,P1132,P1326,
T00103,P1046,P1107,P1220,P1279,P1316
T00429,P1046,P1076,P1146,P1177,
T00498,P1046,P1088,,,
T00512,P1046,P1337,,,
T02311,P1046,P1051,P1244,P1249,
T02542,P1046,P1107,P1160,P1190,P1257
T00568,P1046,P1180,P1193,P1228,P1238
T01091,P1046,P1166,P1185,P1316,
T01169,P1046,P1161,P1166,P1334,P1354
T01283,P1046,P1092,P1230,P1257,P1300
T01669,P1046,P1098,P1137,P1218,
T00887,P1046,P1081,P1139,,
T00976,P1046,P1298,P1343,,
T02074,P1046,P1157,P1207,,
T00496,P1047,P1055,P1069,,
T01060,P1047,P1119,P1217,P1301,P1317
T02041,P1047,P1305,,,
T02259,P1047,P1048,P1085,P1157,P1172
T02787,P1047,P1092,P1194,P1271,
T00533,P1047,P1093,,,
T01600,P1047,P1174,P1229,P1339,P1357
T02851,P1047,P1090,P1300,,
T00003,P1047,P1350,,,
T00445,P1047,P1120,P1144,P1195,P1347
T01418,P1047,P1072,P1073,P1075,P1319
T02139,P1047,P1099,,,
T02238,P1047,P1068,P1090,P1120,
T02402,P1047,,,,
T02748,P1047,,,,
T02878,P1048,P1151,P1249,P1328,
T01739,P1048,P1061,P1122,P1274,
T01853,P1048,P1249,,,
T02905,P1048,P1099,P1315,,
T00525,P1048,P1106,P1132,P1323,P1337
T01782,P1048,P1071,P1266,P1275,P1352
T01933,P1048,P1083,P1270,,
T02035,P1048,P1080,P1277,,
T02286,P1048,P1158,,,
T02688,P1048,P1099,P1159,P1189,
T02366,P1048,P1137,P1235,P1236,P1267
T02625,P1048,P1072,P1096,P1256,P1331
T00816,P1049,P1135,P1238,P1296,
T01523,P1049,,,,
T01837,P1049,P1224,P1294,P1294,
T02031,P1049,,,,
T02246,P1049,P1108,P1109,P1181,P1256
T02822,P1049,P1140,,,
T00062,P1049,P1051,P1052,P1342,
T00396,P1049,,,,
T01823,P1049,,,,
T01841,P1049,P1180,P1198,P1290,P1325
T02008,P1049,P1322,,,
T01352,P1049,P1279,P1292,,
T00428,P1049,P1308,,,
T00701,P1049,P1061,,,
T01068,P1049,P1144,P1155,P1204,
T01118,P1049,P1058,P1107,,
T02847,P1049,P1156,P1287,P1288,
T01199,P1050,P1153,P1200,P1268,P1354
T01267,P1050,P1074,P1132,P1140,P1243
T01991,P1050,P1107,P1285,P1339,
T01155,P1050,P1066,P1161,P1358,
T01562,P1050,P1256,,,
T02100,P1050,P1131,P1347,P1352,
T02250,P1050,P1155,P1226,P1247,
T02414,P1050,P1230,P1252,P1260,P1332
T00893,P1050,P1114,P1127,P1265,
T01281,P1050,P1132,P1234,P1237,P1252
T01290,P1050,P1147,P1215,P1314,
T01518,P1050,P1093,P1156,,
T01849,P1050,P1123,P1237,,
T02408,P1050,P1230,P1318,,
T02411,P1050,P1290,,,
T02415,P1050,P1078,P1155,P1167,P1240
T02843,P1050,P1092,P1116,P1306,
T02845,P1050,P1141,P1258,P1296,P1322
T02952,P1050,P1203,P1296,,
T02317,P1050,P1076,P1267,P1359,
T00146,P1051,P1142,P1260,,
T00277,P1051,P1309,,,
T00543,P1051,P1192,P1259,P1307,
T01986,P1051,P1171,P1249,P1331,P1339
T02780,P1051,P1248,P1303,,
T00620,P1051,P1113,P1166,P1314,
T00818,P1051,P1093,,,
T01670,P1051,P1152,P1227,P1241,
T02360,P1051,P1272,,,
T02456,P1051,P1100,P1204,P1313,P1319
T00930,P1051,P1094,,,
T01569,P1051,P1242,P1275,P1344,P1359
T02772,P1051,P1079,P1130,,
T02588,P1052,,,,
T02591,P1052,P1092,P1188,P1312,
T02719,P1052,,,,
T02477,P1052,P1210,P1303,P1353,
T02948,P1052,P1066,P1287,P1320,
T00107,P1052,P1071,P1187,,
T01300,P1052,P1337,,,
T01619,P1052,P1254,P1266,,
T02236,P1052,P1065,P1079,P1096,P1175
T00094,P1052,P1351,,,
T00378,P1052,P1249,,,
T02893,P1052,,,,
T00298,P1053,P1171,P1217,P1262,P1355
T00589,P1053,P1194,P1218,P1256,P1263
T02942,P1053,P1112,P1285,,
T01784,P1053,P1087,P1224,P1254,
T02584,P1053,,,,
T00537,P1053,P1077,P1080,P1115,
T00752,P1053,P1340,,,
T00946,P1053,P1065,P1344,,
T01227,P1053,P1166,P1199,P1246,
T01444,P1053,P1067,P1271,P1284,
T02819,P1053,P1176,P1279,P1328,P1356
T00337,P1053,P1291,P1303,P1305,P1335
T00121,P1054,P1066,P1106,,
T00186,P1054,P1217,P1320,P1336,P1347
T00751,P1054,P1329,,,
T00820,P1054,,,,
T01174,P1054,P1065,P1101,P1274,
T00165,P1054,P1151,P1153,P1202,
T02807,P1054,P1080,P1189,P1239,P1343
T02842,P1054,P1077,P1079,P1281,
T00281,P1054,,,,
T01797,P1054,P1113,P1127,,
T01954,P1054,P1103,P1130,,
T02876,P1054,P1135,P1181,P1289,P1324
T00044,P1054,P1067,P1124,P1219,P1254
T00727,P1054,P1143,P1162,P1215,
T01944,P1054,P1129,P1131,P1180,P1292
T02444,P1054,P1167,,,
T02461,P1054,P1093,P1112,P1249,P1255
T02909,P1054,P1072,P1113,P1125,
T02981,P1054,P1077,P1170,P1258,
T00482,P1055,P1068,P1106,P1119,P1231
T00984,P1055,P1126,P1173,P1217,P1241
T02404,P1055,P1071,P1219,P1329,
T02656,P1055,,,,
T02676,P1055,P1196,,,
T02757,P1055,P1184,P1288,,
T02218,P1055,P1184,P1232,P1308,
T00266,P1055,P1136,P1139,P1226,
T00492,P1055,P1085,P1109,P1134,P1161
T02884,P1055,P1127,P1251,P1328,
T01277,P1055,P1132,P1138,P1174,P1220
T02987,P1055,P1300,,,
T00377,P1056,P1083,P1251,P1252,
T00495,P1056,P1073,P1307,P1339,
T01191,P1056,P1125,P1268,P1315,
T02664,P1056,,,,
T00448,P1056,P1272,P1327,,
T00471,P1056,P1057,P1173,P1245,
T01073,P1056,P1104,P1272,P1286,P1326
T01085,P1056,P1205,P1340,,
T01236,P1056,P1102,P1120,,
T01354,P1056,,,,
T01788,P1056,P1080,P1239,P1254,
T01876,P1056,P1203,,,
T01889,P1056,P1139,P1271,P1356,
T00225,P1056,P1212,P1285,P1307,
T00288,P1056,P1181,,,
T00928,P1056,,,,
T01090,P1056,P1345,,,
T00397,P1056,P1219,P1322,P1351,
T00943,P1056,,,,
T02147,P1056,P1118,P1205,P1213,P1264
T01798,P1057,P1208,P1271,P1272,
T01135,P1057,P1335,,,
T01181,P1057,,,,
T01271,P1057,P1088,P1232,,
T02085,P1057,P1089,P1261,P1325,
T02552,P1057,P1102,P1176,P1249,
T02679,P1057,P1104,,,
T02767,P1057,P1084,P1186,P1194,
T00572,P1057,P1102,P1105,P1194,
T00741,P1057,P1187,P1201,,
T02621,P1057,P1062,P1163,P1231,P1338
T02960,P1057,P1070,P1114,P1342,P1350
T00660,P1057,P1112,,,
T01596,P1057,,,,
T01655,P1057,P1121,P1185,P1290,P1355
T01816,P1057,P1075,P1285,,
T01852,P1057,P1321,,,
T01957,P1057,P1114,P1134,P1229,
T02214,P1057,P1207,P1333,,
T02265,P1057,P1072,P1081,P1099,P1293
T02297,P1057,P1120,P1344,P1354,
T02488,P1057,P1119,P1274,P1337,
T02835,P1057,P1062,P1098,P1218,P1273
T00283,P1058,P1190,P1256,,
T00414,P1058,P1216,P1284,,
T01025,P1058,P1110,P1194,P1283,P1285
T01763,P1058,P1144,P1280,P1309,
T01880,P1058,P1162,P1272,,
T02302,P1058,P1217,P1319,,
T02432,P1058,P1329,,,
T02435,P1058,P1063,P1149,P1305,
T02938,P1058,P1317,P1322,,
T00069,P1058,P1264,,,
T00250,P1058,P1137,P1175,P1221,P1269
T00777,P1058,P1143,P1149,P1170,
T00839,P1058,P1139,P1196,,
T00159,P1058,P1139,P1149,P1270,P1352
T00419,P1058,P1091,,,
T01050,P1058,P1202,P1306,,
T01275,P1058,P1091,P1100,P1251,P1345
T02600,P1058,P1063,P1086,P1260,
T01002,P1058,P1153,P1268,P1282,
T01117,P1058,P1284,P1342,,
T01220,P1058,P1140,P1142,P1332,
T01293,P1058,P1100,P1219,P1258,P1328
T01783,P1058,P1130,P1166,P1233,
T01993,P1058,P1104,,,
T00086,P1059,P1063,P1129,P1289,P1302
T00499,P1059,P1062,P1160,P1181,P1188
T00774,P1059,P1182,P1292,,
T02149,P1059,P1075,P1075,P1186,P1268
T01055,P1059,P1120,P1214,P1257,P1344
T01747,P1059,P1085,P1156,,
T00571,P1059,P1065,P1250,,
T01159,P1059,P1072,P1286,P1291,P1352
T01609,P1059,P1088,P1200,P1295,
T02594,P1059,P1062,P1315,P1340,
T02747,P1059,P1208,P1252,P1337,
T00956,P1059,P1226,,,
T01423,P1059,,,,
T01500,P1059,P1202,P1291,,
T02094,P1059,P1217,P1296,P1307,P1321
T02186,P1059,P1199,P1201,P1328,P1338
T02991,P1059,P1209,P1355,,
T00206,P1060,P1074,P1091,P1211,P1290
T00810,P1060,P1347,,,
T00932,P1060,P1135,P1162,,
T00707,P1060,,,,
T01162,P1060,P1063,P1068,P1183,P1215
T02163,P1060,P1307,,,
T02413,P1060,,,,
T00358,P1060,P1231,P1317,P1320,
T01168,P1060,P1073,P1249,P1325,P1328
T01875,P1060,P1232,,,
T02193,P1060,P1120,P1232,P1245,
T02449,P1060,,,,
T02610,P1060,P1269,P1281,P1336,
T02704,P1060,P1125,P1156,P1171,
T02801,P1060,P1179,P1181,P1183,
T02978,P1060,P1207,,,
T00702,P1060,P1081,P1154,,
T00878,P1060,P1095,P1338,,
T02468,P1060,P1279,P1287,,
T00219,P1061,P1176,P1218,P1259,
T00256,P1061,P1065,P1167,P1208,
T00797,P1061,P1093,P1219,P1286,P1324
T02881,P1061,P1137,P1275,P1321,
T02314,P1061,P1075,P1103,P1166,P1344
T00857,P1061,,,,
T01919,P1061,,,,
T00313,P1061,P1177,,,
T00361,P1061,P1204,P1267,,
T00515,P1061,P1102,P1162,P1173,P1299
T01127,P1061,,,,
T01628,P1061,,,,
T01861,P1061,P1214,P1267,,
T02003,P1061,P1146,P1189,P1205,P1337
T01222,P1062,P1196,P1221,P1238,P1327
T02229,P1062,,,,
T02309,P1062,P1331,P1357,,
T02953,P1062,P1326,,,
T00416,P1062,P1066,P1172,P1199,P1300
T00432,P1062,P1115,P1186,P1345,
T00769,P1062,P1125,,,
T01062,P1062,P1164,P1167,P1316,
T02593,P1062,P1085,P1157,,
T02764,P1062,P1176,P1217,P1226,
T00596,P1062,P1134,P1141,P1147,P1323
T00652,P1062,P1087,P1106,P1107,P1145
T02393,P1062,P1065,P1078,P1202,P1209
T02975,P1062,P1138,P1347,,
T00635,P1062,P1068,P1133,P1195,
T01632,P1062,P1232,P1302,,
T00677,P1063,P1120,P1332,,
T01580,P1063,P1112,P1342,,
T01805,P1063,P1113,P1196,P1231,
T01980,P1063,,,,
T02036,P1063,P1126,P1175,P1196,P1300
T02394,P1063,P1071,P1094,P1279,
T02750,P1063,P1147,P1151,P1161,
T00158,P1063,P1257,,,
T00216,P1063,P1171,P1224,P1257,P1337
T01217,P1063,P1298,,,
T01389,P1063,P1324,,,
T00325,P1063,P1145,,,
T00554,P1063,P1122,P1301,,
T01504,P1063,P1071,P1207,P1249,P1274
T00650,P1063,P1086,P1105,P1164,P1271
T01740,P1063,P1095,P1213,P1243,
T00049,P1064,P1112,P1232,P1306,
T01577,P1064,P1144,P1184,,
T02089,P1064,P1140,P1217,P1228,
T02673,P1064,P1244,P1251,P1304,
T00181,P1064,,,,
T01882,P1064,P1265,P1333,,
T02235,P1064,P1166,P1216,,
T02774,P1064,,,,
T00803,P1064,P1147,P1244,P1266,
T00060,P1064,P1067,P1163,,
T01365,P1064,P1127,P1265,,
T01791,P1064,P1107,P1109,P1281,P1359
T01858,P1064,P1137,P1148,P1202,P1224
T00123,P1065,,,,
T00509,P1065,P1178,P1357,,
T02618,P1065,,,,
T00318,P1065,P1122,P1234,P1337,
T00863,P1065,P1084,P1219,P1228,P1302
T01749,P1065,P1081,P1291,,
T02284,P1065,,,,
T00138,P1065,,,,
T00636,P1065,P1306,P1314,,
T01529,P1065,P1252,,,
T01995,P1065,P1143,P1168,P1184,P1303
T02958,P1065,P1082,P1108,P1218,P1236
T00618,P1065,P1351,,,
T02114,P1065,,,,
T02875,P1065,P1145,,,
T02910,P1065,P1123,P1151,P1263,P1358
T00444,P1066,P1314,,,
T00619,P1066,,,,
T01473,P1066,,,,
T02436,P1066,P1232,P1307,,
T02472,P1066,P1118,P1185,P1203,P1206
T00744,P1066,P1103,P1170,P1325,
T00896,P1066,P1130,P1205,P1230,P1310
T01456,P1066,,,,
T01465,P1066,P1135,P1228,P1334,
T01770,P1066,P1259,,,
T02134,P1066,P1092,P1114,P1232,
T02260,P1066,P1137,P1177,P1242,P1289
T02437,P1066,P1076,P1326,P1335,
T00647,P1066,P1307,,,
T02790,P1066,,,,
T00442,P1066,P1099,P1247,P1249,P1306
T00749,P1066,P1162,P1276,,
T02818,P1066,P1177,P1181,P1259,P1341
T01038,P1067,P1277,P1340,,
T01165,P1067,P1135,P1215,P1296,
T02358,P1067,P1082,P1102,,
T02791,P1067,P1102,P1111,P1303,P1334
T02989,P1067,P1163,P1166,P1284,P1319
T00278,P1067,P1156,P1163,P1252,P1311
T01309,P1067,P1110,,,
T01556,P1067,P1081,P1174,P1270,P1299
T01878,P1067,P1116,,,
T01710,P1067,P1317,,,
T02164,P1067,P1152,P1282,P1299,
T02648,P1067,P1234,P1267,P1281,P1298
T02846,P1067,P1232,P1348,,
T02923,P1067,P1158,P1240,P1288,
T00257,P1067,P1295,P1302,P1304,P1346
T01249,P1067,P1104,P1240,P1309,P1356
T01273,P1067,P1105,P1274,P1320,
T02565,P1067,P1103,P1106,P1179,P1221
T02988,P1067,P1071,P1108,P1162,P1177
T00182,P1068,P1092,P1151,P1165,
T01321,P1068,P1149,P1150,P1186,
T00207,P1068,P1291,P1321,,
T00523,P1068,P1096,P1278,,
T00926,P1068,,,,
T01028,P1068,P1109,P1249,P1328,
T02023,P1068,P1176,P1278,,
T02513,P1068,P1118,P1148,P1216,P1333
T01232,P1068,P1109,P1195,P1269,P1309
T01717,P1068,P1204,,,
T01833,P1068,P1340,,,
T00011,P1068,P1340,,,
T00560,P1068,P1120,P1204,P1354,
T00694,P1068,P1164,P1276,,
T00794,P1068,P1129,P1131,P1159,P1265
T01572,P1068,P1071,P1208,P1212,P1333
T02133,P1068,,,,
T02216,P1068,P1265,P1278,,
T02606,P1068,P1111,P1334,,
T00583,P1069,P1108,P1170,P1184,P1358
T00747,P1069,P1141,P1177,,
T00155,P1069,P1100,P1119,P1132,P1351
T00666,P1069,,,,
T01258,P1069,P1072,P1355,,
T01932,P1069,P1074,P1207,,
T01959,P1069,P1123,P1125,P1304,P1354
T00434,P1069,P1180,P1302,P1351,
T01170,P1069,P1182,P1222,P1321,
T02279,P1069,P1106,P1289,P1323,
T02125,P1069,P1159,,,
T02245,P1069,P1073,P1176,,
T02254,P1069,P1082,P1237,P1326,P1346
T02346,P1069,P1070,P1074,P1329,
T02608,P1069,P1133,P1165,P1212,
T02619,P1069,,,,
T01971,P1070,P1197,P1297,,
T02755,P1070,P1277,P1311,,
T01893,P1070,P1168,,,
T02156,P1070,P1301,P1340,,
T02305,P1070,P1150,P1214,,
T02377,P1070,P1145,P1294,,
T02614,P1070,P1345,,,
T00072,P1070,P1321,P1348,P1353,
T00516,P1070,P1128,P1206,P1285,
T01327,P1070,P1233,P1238,P1313,P1334
T01618,P1070,P1250,,,
T01317,P1070,P1091,P1132,,
T01682,P1070,P1277,P1311,,
T01857,P1070,P1181,P1225,P1340,
T02431,P1070,P1225,P1234,,
T00427,P1071,P1149,P1241,,
T00474,P1071,P1271,P1356,,
T00706,P1071,P1087,P1315,P1344,
T02531,P1071,P1205,P1314,P1358,
T02968,P1071,P1097,P1238,P1331,P1358
T01188,P1071,P1116,P1265,,
T02027,P1071,P1136,P1178,,
T01229,P1071,P1326,,,
T02624,P1071,P1251,,,
T00881,P1071,P1120,P1135,P1323,
T00894,P1071,P1075,P1092,P1231,
T00917,P1071,,,,
T02299,P1071,P1109,P1149,,
T02729,P1072,P1190,,,
T00323,P1072,P1117,P1174,P1193,P1320
T01478,P1072,P1078,P1101,,
T02607,P1072,P1309,,,
T00379,P1072,P1110,P1146,P1231,P1322
T00920,P1072,P1249,P1270,P1275,P1330
T01451,P1072,P1108,P1119,P1145,P1217
T01536,P1072,P1273,,,
T01625,P1072,P1188,,,
T02694,P1072,,,,
T02857,P1072,,,,
T00126,P1072,P1177,P1185,P1274,P1283
T00845,P1072,P1202,P1237,P1335,
T00983,P1072,P1079,P1086,P1191,P1279
T02043,P1072,P1075,P1275,P1292,P1358
T02826,P1072,P1187,P1214,,
T00510,P1073,P1108,P1173,P1302,
T00889,P1073,P1229,,,
T01241,P1073,P1195,P1311,,
T01308,P1073,P1176,P1248,P1307,P1313
T00638,P1073,P1181,,,
T00673,P1073,P1099,P1161,P1304,P1318
T00719,P1073,P1094,P1116,,
T01206,P1073,P1082,P1161,P1176,P1303
T01675,P1073,P1120,P1302,P1312,P1349
T01738,P1073,P1149,,,
T01508,P1074,P1143,P1318,P1327,
T01611,P1074,P1299,P1316,,
T00119,P1074,P1083,P1157,P1204,P1282
T00559,P1074,P1112,P1114,P1341,P1352
T01620,P1074,P1094,P1171,P1231,P1351
T02672,P1074,,,,
T00478,P1074,P1195,P1320,,
T01132,P1074,P1100,P1155,P1183,P1323
T01870,P1074,P1235,,,
T02351,P1074,P1137,P1150,P1157,P1239
T01482,P1074,P1137,P1178,,
T01535,P1074,P1156,P1262,P1289,
T01607,P1074,P1169,P1285,,
T02020,P1074,P1217,P1299,P1317,P1339
T00654,P1075,P1159,P1297,,
T01175,P1075,,,,
T02430,P1075,P1123,P1174,P1308,P1324
T02889,P1075,P1164,P1220,,
T02009,P1075,P1082,P1253,P1274,P1303
T02983,P1075,P1091,P1148,P1177,
T00830,P1075,P1132,P1178,P1322,
T01248,P1075,P1124,P1149,P1272,
T00223,P1076,P1164,P1201,P1252,P1318
T01063,P1076,P1153,,,
T01114,P1076,P1321,,,
T01667,P1076,,,,
T00459,P1076,P1189,P1258,P1343,
T02419,P1076,P1103,P1132,P1327,P1343
T00057,P1076,P1241,,,
T01685,P1076,P1106,P1242,P1318,P1327
T01767,P1076,P1115,P1194,P1287,P1315
T02244,P1076,P1115,P1185,P1190,P1246
T00376,P1076,P1130,P1273,,
T00480,P1076,P1277,,,
T00481,P1076,P1128,P1135,P1352,
T01624,P1076,P1173,P1173,P1337,
T02211,P1076,P1307,,,
T00145,P1077,P1125,P1173,P1179,
T00365,P1077,,,,
T00689,P1077,P1148,P1177,P1229,P1349
T02613,P1077,P1179,P1285,,
T00157,P1077,P1105,P1127,P1164,P1255
T00580,P1077,P1122,P1160,P1217,P1240
T01216,P1077,P1136,P1170,P1277,P1329
T01863,P1077,P1110,P1270,P1298,P1354
T02253,P1077,P1164,P1195,P1196,P1349
T00350,P1077,P1161,P1313,P1341,
T00374,P1077,P1146,P1150,,
T00176,P1077,,,,
T00265,P1077,P1085,P1208,P1258,
T00996,P1077,,,,
T01287,P1077,P1261,P1359,,
T01760,P1077,P1216,,,
T02329,P1077,P1308,,,
T00203,P1078,P1123,P1204,P1315,P1323
T00371,P1078,P1144,P1281,P1327,
T00812,P1078,P1083,P1327,P1342,P1357
T02398,P1078,P1094,P1239,P1295,
T02883,P1078,P1161,P1254,P1265,P1300
T00535,P1078,P1216,P1230,,
T00549,P1078,P1079,P1114,P1329,
T01598,P1078,P1149,P1189,P1244,P1313
T00484,P1078,P1153,,,
T00854,P1078,P1314,,,
T01100,P1078,P1079,P1208,P1255,
T01111,P1078,P1095,P1126,P1272,
T01503,P1078,P1162,P1272,,
T01276,P1079,P1280,,,
T00806,P1079,P1167,,,
T00981,P1079,P1288,,,
T00991,P1079,P1084,P1257,P1309,P1353
T01696,P1079,P1158,P1193,P1201,P1339
T02426,P1079,P1098,P1255,P1290,P1351
T02950,P1079,P1127,P1178,P1298,
T01981,P1079,P1084,P1165,,
T02887,P1079,P1096,P1279,,
T00556,P1079,P1204,,,
T00768,P1079,P1106,P1154,P1225,
T01698,P1079,,,,
T02083,P1080,P1242,,,
T00006,P1080,P1102,P1130,P1274,
T00227,P1080,P1131,P1206,,
T02473,P1080,P1227,,,
T02476,P1080,P1212,P1245,P1349,
T02778,P1080,P1288,,,
T02895,P1080,P1112,P1235,P1312,P1351
T00508,P1080,P1139,P1158,P1319,
T01645,P1080,P1216,,,
T00089,P1080,P1108,P1145,P1182,P1337
T00382,P1080,P1145,P1259,P1270,P1313
T01868,P1080,P1112,P1178,P1188,
T00748,P1081,P1123,P1227,P1312,
T01305,P1081,P1134,P1189,P1354,
T02052,P1081,P1098,P1245,P1345,
T00504,P1081,,,,
T00952,P1081,P1152,P1208,,
T01737,P1081,P1202,,,
T00369,P1081,,,,
T01318,P1081,P1138,P1251,P1298,
T01319,P1081,P1118,P1248,,
T02102,P1081,P1215,,,
T00825,P1081,P1223,,,
T01139,P1081,P1082,P1291,,
T01433,P1081,P1086,P1128,P1133,
T02820,P1081,P1268,P1337,P1356,
T01233,P1082,P1095,P1139,P1311,
T02691,P1082,P1163,P1179,P1220,
T02925,P1082,P1093,P1181,,
T01020,P1082,P1228,P1229,P1233,P1315
T02715,P1082,P1142,P1244,P1254,P1302
T00667,P1082,P1225,P1254,P1352,
T01071,P1082,P1087,P1177,P1335,
T02270,P1082,P1150,P1219,P1326,P1346
T02653,P1082,P1171,P1200,P1260,P1330
T00586,P1082,P1181,P1308,P1337,
T01689,P1082,P1153,P1225,,
T02452,P1082,P1165,P1213,P1257,P1340
T02934,P1082,P1118,P1150,,
T00153,P1083,,,,
T00973,P1083,P1123,P1140,P1280,P1331
T02247,P1083,P1101,P1339,,
T00247,P1083,P1170,,,
T00309,P1083,P1097,,,
T00502,P1083,P1264,P1268,,
T02735,P1083,,,,
T00292,P1083,P1092,P1174,,
T00542,P1083,P1243,,,
T01113,P1083,P1154,P1196,P1324,
T02549,P1083,P1174,P1312,,
T00746,P1083,P1135,P1255,P1284,
T01345,P1083,P1162,P1192,P1223,P1282
T01244,P1084,P1191,P1268,P1324,P1354
T02053,P1084,P1238,P1313,P1357,
T02563,P1084,P1135,P1146,P1280,P1338
T02965,P1084,P1096,P1298,,
T00246,P1084,P1124,P1180,P1307,
T01736,P1084,P1094,P1137,P1351,
T02441,P1084,P1149,,,
T00476,P1084,P1160,P1246,P1271,P1274
T00631,P1084,P1108,P1343,,
T00364,P1084,P1284,,,
T01965,P1084,P1279,,,
T02892,P1084,P1304,,,
T00967,P1085,P1232,P1276,,
T00127,P1085,P1102,P1154,P1273,P1274
T00980,P1085,P1096,P1140,P1159,P1247
T01553,P1085,P1230,,,
T00291,P1085,P1249,P1276,,
T00327,P1085,P1095,P1109,P1202,
T01110,P1085,,,,
T02095,P1085,P1330,,,
T02177,P1085,P1150,P1301,P1330,
T02361,P1085,P1295,,,
T02519,P1085,,,,
T01477,P1086,P1125,P1198,P1347,
T02257,P1086,P1110,P1307,,
T02858,P1086,P1179,P1286,P1312,
T00056,P1086,P1143,P1167,,
T00401,P1086,P1271,P1288,P1291,P1292
T01422,P1086,P1117,,,
T02827,P1086,P1106,P1177,P1193,P1316
T02921,P1086,P1327,,,
T00425,P1087,P1114,P1178,P1258,P1351
T00990,P1087,P1130,P1162,P1168,
T02397,P1087,P1327,,,
T02587,P1087,P1221,P1225,P1296,
T02831,P1087,P1103,P1314,,
T00446,P1087,P1262,P1319,,
T00938,P1087,P1092,P1162,,
T01323,P1087,,,,
T02841,P1087,P1161,P1189,P1259,P1331
T02899,P1087,P1347,,,
T01571,P1087,P1157,P1230,P1237,P1272
T01231,P1087,P1198,P1209,P1268,
T01459,P1087,P1164,P1196,P1309,P1339
T01260,P1088,P1153,P1262,P1290,
T02369,P1088,P1097,,,
T02797,P1088,P1097,P1239,P1266,
T01094,P1088,P1132,P1227,P1326,
T01105,P1088,P1127,P1139,P1316,
T01183,P1088,P1163,P1236,,
T01226,P1088,P1116,P1204,P1288,
T01400,P1088,P1306,,,
T02234,P1088,P1105,,,
T00360,P1088,,,,
T01358,P1088,,,,
T01865,P1088,P1168,P1179,P1187,
T01124,P1088,P1162,P1246,,
T01288,P1088,P1093,P1145,P1227,P1305
T01840,P1089,P1142,P1225,P1307,
T02770,P1089,P1119,P1204,,
T00092,P1089,P1184,P1317,P1338,
T00771,P1089,P1175,,,
T02630,P1089,P1147,P1254,,
T00030,P1089,P1140,P1267,P1288,
T01313,P1089,P1090,P1212,P1284,P1348
T01528,P1089,P1131,P1230,P1258,
T01615,P1089,P1236,,,
T02605,P1089,P1250,P1354,,
T00626,P1089,P1209,P1228,P1241,P1304
T02572,P1089,P1097,P1115,P1141,P1322
T02017,P1090,P1121,P1221,P1240,
T02865,P1090,P1177,P1213,P1241,P1350
T01363,P1090,P1224,,,
T01715,P1090,P1122,P1212,P1233,P1331
T02796,P1090,P1099,,,
T00443,P1090,P1119,P1196,P1212,
T00605,P1090,P1143,P1203,P1252,
T00068,P1090,P1214,P1216,P1262,
T00614,P1090,P1107,P1249,P1312,
T00686,P1090,P1142,P1213,,
T00918,P1090,,,,
T01652,P1090,P1291,,,
T02180,P1090,P1108,P1236,P1332,
T02850,P1090,,,,
T01099,P1091,P1106,P1318,P1325,
T01899,P1091,P1165,P1209,,
T02505,P1091,,,,
T02192,P1091,P1270,,,
T02685,P1091,,,,
T02877,P1091,P1227,P1303,P1305,
T02888,P1091,P1230,P1294,,
T02956,P1092,P1212,P1252,,
T02130,P1092,P1107,P1286,,
T00125,P1092,P1099,P1237,,
T01958,P1092,P1114,P1151,P1249,P1328
T00027,P1092,P1283,,,
T01161,P1092,P1112,P1241,P1280,P1303
T00305,P1093,P1245,P1265,P1301,
T01153,P1093,P1153,P1300,,
T01367,P1093,P1234,P1239,P1276,P1308
T01584,P1093,P1125,P1135,P1164,P1267
T02421,P1093,P1199,P1208,P1316,
T00287,P1093,P1199,P1227,P1247,P1262
T02291,P1093,P1137,P1176,P1299,P1315
T00312,P1093,P1157,P1205,P1245,
T00640,P1093,,,,
T00929,P1093,P1257,,,
T01851,P1093,,,,
T01990,P1093,P1302,P1333,,
T01077,P1093,P1208,P1275,P1340,
T02509,P1093,P1103,P1243,P1351,P1356
T02803,P1093,P1098,P1137,P1139,
T01639,P1094,P1159,P1177,,
T01989,P1094,P1116,P1164,P1278,
T02781,P1094,P1124,P1309,,
T00530,P1094,P1129,P1304,P1352,
T01040,P1094,P1185,,,
T01322,P1094,P1320,,,
T01379,P1094,P1348,P1353,,
T01949,P1094,P1172,,,
T00465,P1094,P1235,,,
T02227,P1094,P1120,P1307,,
T02585,P1094,P1318,,,
T02640,P1094,P1221,P1239,P1289,
T02573,P1095,P1224,P1357,,
T00075,P1095,P1095,P1125,P1276,P1358
T00440,P1095,P1130,P1163,P1240,P1338
T02325,P1095,P1182,P1303,,
T01563,P1095,P1135,P1149,P1228,P1306
T00050,P1095,P1201,,,
T01294,P1095,P1231,P1245,P1269,
T01517,P1095,,,,
T00100,P1096,,,,
T00971,P1096,P1287,,,
T01766,P1096,P1233,,,
T00022,P1096,P1104,,,
T00617,P1096,,,,
T00891,P1096,P1129,P1235,P1348,
T00934,P1096,P1107,P1154,P1312,P1343
T02209,P1096,P1206,,,
T02718,P1096,P1244,P1264,,
T00002,P1096,P1210,P1237,P1281,
T01126,P1096,P1143,P1240,P1285,P1297
T01602,P1096,P1235,P1259,P1286,
T00610,P1096,P1171,P1318,P1348,
T02733,P1096,,,,
T00322,P1097,P1098,P1143,P1316,P1355
T00394,P1097,P1197,,,
T00815,P1097,P1137,,,
T01509,P1097,P1156,,,
T01803,P1097,P1328,,,
T02409,P1097,P1101,P1251,,
T01278,P1097,,,,
T01315,P1097,P1258,,,
T01437,P1097,P1292,,,
T00106,P1097,P1176,P1234,P1335,
T00691,P1097,,,,
T01559,P1097,P1124,,,
T00734,P1098,P1118,P1150,P1316,
T00759,P1098,P1266,,,
T00935,P1098,P1274,,,
T01985,P1098,P1109,P1238,P1248,
T02400,P1098,P1114,P1181,P1259,P1309
T00169,P1098,P1149,P1277,,
T01057,P1098,P1116,P1190,P1263,
T01187,P1098,P1352,,,
T01405,P1098,,,,
T00042,P1098,P1107,,,
T01820,P1098,,,,
T02228,P1098,,,,
T02993,P1098,P1113,,,
T02169,P1099,P1129,,,
T00031,P1099,P1156,P1327,P1352,
T02223,P1099,P1179,,,
T00790,P1099,P1118,P1128,,
T02829,P1099,P1175,P1278,,
T00073,P1099,P1170,P1177,P1303,P1345
T00901,P1099,P1133,P1186,P1320,P1347
T01466,P1099,P1121,P1279,,
T01496,P1099,P1257,P1260,,
T01806,P1099,P1173,P1183,P1334,P1343
T02059,P1099,,,,
T01225,P1100,P1183,P1185,P1281,
T01333,P1100,P1120,P1214,,
T02697,P1100,P1139,P1203,P1295,
T02775,P1100,P1249,P1265,,
T02815,P1100,P1181,P1287,P1348,
T00340,P1100,P1103,P1123,P1341,P1342
T02788,P1100,P1279,P1293,P1295,
T00359,P1100,P1197,P1313,,
T00831,P1100,,,,
T01254,P1100,P1113,P1190,P1193,
T02443,P1100,P1144,P1283,,
T02457,P1100,P1170,P1250,P1261,P1293
T00115,P1100,P1281,,,
T02349,P1100,P1186,P1273,P1298,
T02363,P1100,P1103,P1225,P1337,
T02629,P1100,P1131,P1179,P1252,
T00041,P1101,,,,
T00319,P1101,P1258,P1326,,
T02167,P1101,P1176,P1216,P1235,P1345
T01708,P1101,P1108,P1193,P1252,
T00236,P1101,P1266,,,
T02188,P1101,P1233,P1350,,
T02307,P1101,P1272,P1318,,
T00585,P1101,P1160,,,
T00622,P1101,P1334,,,
T01636,P1101,P1172,P1182,P1353,
T01768,P1101,P1139,P1268,,
T02288,P1101,P1244,P1247,P1335,
T02340,P1101,P1319,P1355,,
T02862,P1101,P1316,,,
T01152,P1102,P1118,P1166,,
T00613,P1102,P1189,P1282,P1356,
T01387,P1102,P1113,P1149,P1255,P1351
T00400,P1102,,,,
T01822,P1102,P1110,P1120,P1124,P1210
T02126,P1102,P1176,P1304,,
T02442,P1102,P1120,P1251,,
T00688,P1103,P1179,P1267,,
T01416,P1103,P1149,P1168,P1188,P1244
T01688,P1103,P1268,P1324,P1331,
T02016,P1103,,,,
T00663,P1103,P1106,P1164,P1261,
T02323,P1103,P1241,,,
T01238,P1103,P1161,P1169,,
T01879,P1103,P1181,P1274,,
T00517,P1103,P1167,P1359,,
T02326,P1103,P1150,P1205,P1218,P1271
T00910,P1104,P1154,P1304,P1324,
T02119,P1104,P1132,P1191,P1217,P1288
T00192,P1104,,,,
T02561,P1104,P1112,,,
T02669,P1104,P1224,P1270,P1286,P1351
T01407,P1104,P1152,P1254,P1293,
T01814,P1104,P1218,,,
T01962,P1104,P1165,P1257,P1325,
T00098,P1104,P1228,,,
T00539,P1104,,,,
T01401,P1104,P1200,,,
T01686,P1104,P1174,P1293,,
T02922,P1104,P1112,P1120,P1180,P1273
T01951,P1105,P1243,P1256,,
T01960,P1105,,,,
T02007,P1105,P1355,,,
T02578,P1105,P1108,,,
T00577,P1105,P1121,P1340,,
T01032,P1105,P1169,P1175,P1241,
T01450,P1105,P1259,,,
T01693,P1105,P1237,P1292,,
T00900,P1105,P1170,P1201,P1346,
T00801,P1105,,,,
T01242,P1105,P1158,P1208,,
T02054,P1105,,,,
T01234,P1106,P1282,P1291,,
T00611,P1106,,,,
T01912,P1106,P1158,P1199,,
T02076,P1106,P1162,,,
T00695,P1106,P1151,P1264,P1325,P1352
T01335,P1106,P1217,P1297,P1330,P1359
T00234,P1106,P1110,P1190,,
T01179,P1107,P1133,P1357,,
T02460,P1107,P1132,P1197,P1309,
T02560,P1107,P1119,P1130,P1311,
T02418,P1107,P1136,,,
T00506,P1107,P1199,P1308,P1330,
T00949,P1107,P1239,P1337,,
T00314,P1107,P1319,P1345,,
T02350,P1107,P1226,P1239,P1330,
T00392,P1108,P1117,,,
T01468,P1108,P1232,P1251,,
T00855,P1108,P1138,P1165,P1283,P1325
T00945,P1108,P1122,P1168,P1249,
T01674,P1108,P1142,P1303,P1338,
T01964,P1108,,,,
T02493,P1108,,,,
T02919,P1108,P1175,P1185,,
T02088,P1108,P1111,P1242,,
T00916,P1109,P1114,P1125,P1139,P1193
T02897,P1109,P1166,P1195,P1254,P1258
T02240,P1109,P1220,,,
T00248,P1109,P1273,P1291,P1296,
T01576,P1109,P1352,,,
T01904,P1109,P1288,,,
T00405,P1110,P1212,,,
T02185,P1110,P1116,P1144,P1290,P1322
T02295,P1110,,,,
T00604,P1110,,,,
T01548,P1110,,,,
T01719,P1110,P1162,P1194,P1249,
T01902,P1110,P1224,P1272,,
T01642,P1110,P1152,P1210,P1265,
T01761,P1110,P1154,,,
T02726,P1110,P1124,P1269,,
T01818,P1110,,,,
T01420,P1111,P1124,P1244,P1342,
T02736,P1111,P1175,P1268,P1345,
T02806,P1111,P1142,P1229,P1244,P1303
T00307,P1111,P1343,,,
T00338,P1111,P1246,P1328,,
T00761,P1111,,,,
T02615,P1111,P1171,P1202,P1258,
T00255,P1111,P1355,,,
T00407,P1111,P1126,P1146,P1154,P1326
T00925,P1111,P1120,P1138,P1261,P1292
T01021,P1111,P1169,P1233,P1348,
T01346,P1111,P1238,P1252,P1339,
T00758,P1111,P1165,,,
T02592,P1111,P1183,P1203,P1208,
T00944,P1112,P1312,P1357,,
T01064,P1112,P1265,P1331,,
T01514,P1112,P1114,P1200,P1292,P1308
T01781,P1112,P1213,P1339,,
T02455,P1112,P1241,P1294,,
T01421,P1112,,,,
T02642,P1112,P1145,P1231,,
T00954,P1113,,,,
T00213,P1113,P1143,,,
T00417,P1113,P1184,P1278,P1350,
T01262,P1113,P1159,P1220,,
T00569,P1113,P1321,,,
T02689,P1113,P1232,P1236,P1247,
T00564,P1113,P1118,P1134,P1177,
T00974,P1113,,,,
T00959,P1114,P1233,,,
T01146,P1114,P1150,P1204,P1237,
T00303,P1114,P1216,P1294,,
T01180,P1114,P1174,P1232,P1314,P1321
T00993,P1114,P1179,P1221,P1267,
T01349,P1114,P1181,P1201,P1255,P1359
T00826,P1114,P1148,P1180,P1328,
T01790,P1114,P1198,P1357,,
T02293,P1114,P1115,P1179,P1189,P1338
T01344,P1115,P1182,P1289,,
T01779,P1115,P1151,P1157,,
T01894,P1115,P1139,P1217,,
T02024,P1115,,,,
T02381,P1115,P1166,P1242,P1246,
T02663,P1115,P1230,P1269,,
T02973,P1115,P1304,,,
T00076,P1115,P1258,P1291,,
T01659,P1115,P1199,,,
T01723,P1115,P1169,,,
T02518,P1115,P1135,P1184,P1302,P1311
T00032,P1115,P1163,P1278,,
T01147,P1115,P1185,P1292,P1341,
T01714,P1115,P1269,P1323,P1333,P1333
T01845,P1116,,,,
T01871,P1116,P1198,P1252,P1326,
T01375,P1116,,,,
T01540,P1116,P1312,P1327,,
T01542,P1116,,,,
T00353,P1117,P1137,,,
T01729,P1117,P1202,P1272,P1339,
T02159,P1117,P1258,P1335,,
T02224,P1117,P1213,P1218,,
T02813,P1117,P1127,P1265,P1339,
T00545,P1117,,,,
T00866,P1117,P1134,,,
T01515,P1117,,,,
T01758,P1117,P1183,P1252,P1330,
T00861,P1117,P1167,P1282,,
T01197,P1117,P1268,P1270,,
T02502,P1117,,,,
T00143,P1117,P1302,,,
T01194,P1117,P1192,P1211,P1235,
T01614,P1117,P1243,P1317,P1328,P1355
T02523,P1117,P1233,,,
T01301,P1118,P1138,P1150,P1238,
T01537,P1118,P1321,,,
T01690,P1118,P1283,P1300,P1301,P1317
T02132,P1118,P1129,P1317,P1332,P1354
T01590,P1118,P1168,P1336,P1359,
T01732,P1118,P1170,,,
T02830,P1118,P1230,,,
T00066,P1118,P1157,P1334,,
T00485,P1118,,,,
T01269,P1118,P1197,,,
T01811,P1118,P1276,P1352,,
T01881,P1118,P1120,P1146,P1283,P1324
T00637,P1119,P1150,P1308,P1323,
T00684,P1119,P1230,,,
T00970,P1119,P1156,P1200,,
T01457,P1119,P1197,P1204,,
T00218,P1119,P1209,P1240,,
T01524,P1119,P1337,,,
T02995,P1119,P1304,,,
T01593,P1119,,,,
T01979,P1119,P1319,,,
T02354,P1119,,,,
T02690,P1119,,,,
T02183,P1119,,,,
T02872,P1119,P1141,P1168,P1266,
T00137,P1120,P1171,P1230,,
T00191,P1120,P1152,P1288,P1295,P1316
T01116,P1120,P1120,P1328,,
T02913,P1120,,,,
T02090,P1120,,,,
T00052,P1120,P1195,,,
T00239,P1120,,,,
T01441,P1120,P1197,,,
T01104,P1121,P1171,P1242,,
T01298,P1121,,,,
T01458,P1121,,,,
T02080,P1121,P1252,,,
T02786,P1121,P1253,P1283,,
T00593,P1121,P1180,P1257,P1346,
T01081,P1121,P1222,P1249,P1279,P1331
T01819,P1121,,,,
T00059,P1121,P1164,P1250,P1316,
T00862,P1121,P1254,,,
T00628,P1122,P1162,P1177,P1195,P1325
T01432,P1122,P1148,P1280,P1288,P1359
T01469,P1122,P1129,P1133,P1136,P1200
T02714,P1122,P1174,P1189,P1321,
T02971,P1122,P1131,P1221,,
T00222,P1122,,,,
T01378,P1122,P1149,,,
T01171,P1122,,,,
T01972,P1122,P1186,,,
T02070,P1122,P1350,,,
T00084,P1122,P1251,,,
T00274,P1122,P1243,P1299,,
T00454,P1122,,,,
T00705,P1122,P1220,P1357,,
T02769,P1122,P1154,P1310,,
T01988,P1123,P1193,P1312,,
T02866,P1123,P1325,,,
T00598,P1123,P1126,P1136,P1176,P1228
T01859,P1123,,,,
T01974,P1123,P1129,,,
T02740,P1123,P1133,P1296,P1325,P1345
T00567,P1123,P1246,P1247,P1350,
T01937,P1123,P1305,P1356,,
T00017,P1123,P1231,P1272,,
T00263,P1123,,,,
T01359,P1123,P1238,,,
T02469,P1123,P1165,,,
T02667,P1123,,,,
T00148,P1124,P1184,P1193,P1220,P1258
T01976,P1124,P1152,P1234,P1271,P1280
T02376,P1124,P1298,,,
T02602,P1124,P1217,P1263,P1281,P1297
T00212,P1124,,,,
T01516,P1124,,,,
T00692,P1124,P1268,P1353,,
T01928,P1124,P1128,P1214,P1306,
T00791,P1125,P1223,P1264,P1353,
T02526,P1125,P1262,P1263,,
T02920,P1125,,,,
T00046,P1125,,,,
T01151,P1125,P1143,P1220,P1227,P1319
T02739,P1125,P1133,P1243,,
T02021,P1125,P1238,P1265,P1289,P1318
T02745,P1125,P1263,P1339,,
T02811,P1125,P1233,P1316,,
T01966,P1126,,,,
T02665,P1126,P1137,,,
T00352,P1126,P1145,P1288,,
T01306,P1126,P1184,P1219,P1321,P1355
T01942,P1126,P1243,P1280,P1283,P1304
T01950,P1126,,,,
T02280,P1126,P1130,P1222,,
T02406,P1126,,,,
T00775,P1126,P1194,P1213,P1279,
T02143,P1126,,,,
T01970,P1127,P1147,,,
T00629,P1127,,,,
T00756,P1127,,,,
T01999,P1127,P1140,P1331,,
T02463,P1127,P1189,P1192,P1265,P1299
T00259,P1127,,,,
T02138,P1127,P1191,P1245,P1275,P1348
T02233,P1127,P1141,P1208,P1212,P1323
T02732,P1127,,,,
T02828,P1127,P1238,P1308,P1334,
T00962,P1127,P1152,P1228,,
T01334,P1127,,,,
T00108,P1128,,,,
T01310,P1128,P1237,,,
T02475,P1128,P1131,P1228,P1273,
T02617,P1128,P1141,P1146,P1209,P1277
T02332,P1128,P1130,P1146,P1335,
T02026,P1128,P1129,P1204,P1299,P1359
T00047,P1128,P1224,P1234,,
T01022,P1128,P1150,,,
T01209,P1128,P1305,,,
T01385,P1128,,,,
T00406,P1129,P1256,P1327,P1345,
T02388,P1129,,,,
T00969,P1129,P1326,,,
T01707,P1129,P1170,P1179,P1258,P1333
T00348,P1129,P1197,,,
T00697,P1129,P1269,P1293,P1313,P1359
T02867,P1129,,,,
T00209,P1129,P1174,P1257,P1316,P1318
T01291,P1130,,,,
T00004,P1130,,,,
T00270,P1130,P1131,P1258,P1292,
T01828,P1130,P1263,,,
T02627,P1130,,,,
T00477,P1130,P1148,P1234,P1281,P1328
T02915,P1130,P1153,P1215,P1342,
T01992,P1131,P1203,P1272,P1348,P1355
T02497,P1131,P1164,P1197,P1287,P1341
T00210,P1131,,,,
T00950,P1131,P1203,P1228,,
T00170,P1131,P1177,P1300,P1359,
T01617,P1131,P1152,P1192,P1205,P1257
T01769,P1131,,,,
T02548,P1131,P1150,P1275,P1330,
T00978,P1131,P1137,P1261,P1328,P1335
T01145,P1131,P1179,P1187,,
T01268,P1131,P1347,,,
T01314,P1131,P1192,P1235,P1274,
T02863,P1132,P1224,P1307,,
T00188,P1132,,,,
T01205,P1132,,,,
T01813,P1132,,,,
T00055,P1132,P1344,,,
T00289,P1132,P1153,P1257,,
T01042,P1132,,,,
T02711,P1132,,,,
T01178,P1133,P1209,P1255,P1283,P1301
T00600,P1133,P1202,P1216,P1264,P1310
T02639,P1133,P1210,,,
T01112,P1133,P1148,P1280,,
T01373,P1133,,,,
T02521,P1133,P1260,P1288,,
T00657,P1134,P1287,,,
T01997,P1134,P1182,,,
T01266,P1134,P1180,P1267,P1344,
T02754,P1134,P1165,P1283,,
T00534,P1134,P1164,P1180,P1229,
T00963,P1134,,,,
T02256,P1134,P1188,P1254,P1327,
T02312,P1134,P1181,P1217,P1330,
T00904,P1134,P1172,P1175,P1203,P1208
T02538,P1134,P1136,,,
T02248,P1135,P1249,P1254,,
T02359,P1135,P1155,P1185,P1196,
T02506,P1135,,,,
T01106,P1135,P1223,P1253,,
T01024,P1136,P1245,,,
T01513,P1136,P1171,,,
T01839,P1136,P1325,,,
T02316,P1136,P1288,P1308,P1330,P1354
T01727,P1136,,,,
T00101,P1136,P1315,,,
T01663,P1136,P1222,P1266,,
T00215,P1136,P1154,P1281,P1328,P1343
T01722,P1136,P1160,P1294,P1327,
T02534,P1136,P1239,P1339,P1355,
T02374,P1137,P1347,,,
T00773,P1137,,,,
T01027,P1137,P1171,P1346,,
T02499,P1137,P1174,P1301,,
T02574,P1137,,,,
T00363,P1137,P1172,P1223,P1288,
T00708,P1137,P1139,P1171,P1172,P1308
T01786,P1137,P1228,P1296,P1324,
T01592,P1137,,,,
T01850,P1137,P1312,P1325,,
T02010,P1137,P1239,,,
T01235,P1138,P1198,P1331,P1357,
T02068,P1138,,,,
T02417,P1138,P1273,,,
T02556,P1138,P1231,P1260,P1293,
T00321,P1138,P1218,P1256,P1289,P1312
T01996,P1138,P1243,,,
T02113,P1138,P1252,P1353,,
T02310,P1138,P1248,P1292,,
T02880,P1138,P1208,P1305,P1338,
T00175,P1138,P1141,P1191,,
T02810,P1138,P1311,,,
T00104,P1139,P1159,P1328,,
T00134,P1139,,,,
T00177,P1139,,,,
T00258,P1139,,,,
T00645,P1139,P1171,,,
T02782,P1139,P1214,,,
T00014,P1139,P1221,P1324,,
T00300,P1139,P1217,,,
T01531,P1139,,,,
T01610,P1139,P1322,,,
T01545,P1139,P1142,P1145,P1237,P1245
T01651,P1139,P1264,P1292,,
T02961,P1139,P1142,,,
T00112,P1140,P1148,,,
T01435,P1140,P1219,P1221,P1256,P1256
T01866,P1140,P1156,P1209,,
T00792,P1140,P1301,,,
T02181,P1140,P1167,P1280,P1330,P1349
T01530,P1141,,,,
T02692,P1141,P1157,P1229,P1269,
T01856,P1141,P1276,,,
T02467,P1141,P1148,P1219,P1295,
T00437,P1141,,,,
T00859,P1141,,,,
T01900,P1141,P1200,P1284,,
T00037,P1142,,,,
T00131,P1142,P1346,,,
T02046,P1142,P1359,,,
T02483,P1142,P1169,P1203,,
T02699,P1142,P1146,P1162,P1211,P1359
T02709,P1142,P1183,P1195,P1203,P1293
T01895,P1142,P1182,P1221,,
T02304,P1143,P1180,,,
T01200,P1143,P1226,,,
T01680,P1143,P1154,,,
T00505,P1143,,,,
T01049,P1143,P1216,,,
T01092,P1143,P1157,P1199,P1215,P1244
T01125,P1143,,,,
T02097,P1143,,,,
T02336,P1143,P1288,,,
T01613,P1144,P1248,,,
T01654,P1144,P1237,,,
T01832,P1145,,,,
T02171,P1145,,,,
T00633,P1145,P1224,,,
T01445,P1145,P1200,P1265,P1345,
T00238,P1146,P1238,P1297,,
T00672,P1146,P1161,P1193,P1196,
T01582,P1146,P1199,,,
T00846,P1146,P1175,P1279,P1307,P1357
T01664,P1146,P1154,P1199,P1300,
T02854,P1146,P1183,P1243,P1246,P1346
T00195,P1146,,,,
T00563,P1147,P1344,P1357,P1358,
T02489,P1147,,,,
T02609,P1147,P1180,P1296,P1299,
T00071,P1147,P1199,P1272,P1281,
T01376,P1147,,,,
T01681,P1147,P1202,P1212,,
T01726,P1147,P1217,,,
T00180,P1148,P1202,P1240,P1325,
T01748,P1148,P1255,P1312,,
T02558,P1148,P1334,,,
T02852,P1148,P1330,,,
T00235,P1148,P1349,,,
T00822,P1148,P1229,P1280,P1316,P1349
T02636,P1148,,,,
T00048,P1149,P1175,P1206,P1208,P1354
T01143,P1149,,,,
T02886,P1149,,,,
T01261,P1149,,,,
T00424,P1149,P1287,,,
T02271,P1149,P1201,P1278,P1289,
T00836,P1150,P1162,,,
T01160,P1150,P1157,P1165,P1194,P1274
T01743,P1150,P1222,,,
T00273,P1150,P1191,P1342,P1358,
T00375,P1150,P1202,P1229,P1324,
T01356,P1150,,,,
T02313,P1150,P1318,P1326,,
T02424,P1150,P1259,P1300,,
T01409,P1151,P1221,P1278,,
T01678,P1151,P1184,P1250,P1346,
T02564,P1151,,,,
T02957,P1151,P1214,,,
T02687,P1151,P1226,P1294,,
T00789,P1151,P1191,P1195,P1232,P1331
T01070,P1151,P1191,P1235,P1261,P1313
T01492,P1152,P1159,P1179,,
T02106,P1152,P1219,P1305,,
T02969,P1152,P1186,P1257,P1338,
T00738,P1152,P1188,P1226,P1232,P1301
T01109,P1152,P1163,P1176,P1197,P1238
T01058,P1152,P1203,P1308,P1315,
T02145,P1152,,,,
T02056,P1152,P1238,P1252,P1350,
T00088,P1153,P1340,,,
T02503,P1153,,,,
T01446,P1153,P1275,P1279,P1301,
T02327,P1153,P1213,,,
T01201,P1153,P1290,P1316,,
T01402,P1153,P1219,,,
T01921,P1153,P1192,,,
T02189,P1153,P1265,P1278,,
T02525,P1153,P1153,,,
T02977,P1153,P1174,,,
T00837,P1154,P1201,P1274,,
T01084,P1154,P1299,,,
T01431,P1154,P1214,P1339,,
T00827,P1154,P1210,P1214,P1352,
T01968,P1154,P1245,P1351,,
T02040,P1154,P1325,,,
T02345,P1154,P1159,P1309,,
T01549,P1155,P1218,P1314,,
T00096,P1155,,,,
T01807,P1155,P1232,P1243,P1313,
T01983,P1155,P1176,P1222,P1287,P1310
T02047,P1155,P1234,P1257,P1261,
T02480,P1155,P1258,P1276,P1350,
T00435,P1155,P1274,P1279,,
T01341,P1155,,,,
T02727,P1155,P1211,P1274,P1319,P1344
T00136,P1155,P1169,P1197,P1272,P1332
T00436,P1155,,,,
T01337,P1155,,,,
T02184,P1155,P1172,P1176,,
T01601,P1156,P1254,P1277,P1330,
T01948,P1156,P1298,P1306,P1342,
T02637,P1156,P1218,P1260,,
T02792,P1156,P1234,P1320,,
T02160,P1156,P1270,,,
T01046,P1157,P1200,P1207,,
T01493,P1157,P1233,P1299,,
T00290,P1157,P1159,P1246,,
T01328,P1157,P1270,P1308,P1317,
T02445,P1157,P1209,P1217,P1232,P1309
T01208,P1157,P1212,P1242,P1344,
T00875,P1158,,,,
T02062,P1158,P1236,P1279,P1311,P1315
T02635,P1158,P1197,,,
T00824,P1158,P1211,P1215,P1240,P1255
T01061,P1158,P1159,P1220,P1345,
T01207,P1158,P1164,,,
T01566,P1158,P1198,P1267,P1324,P1334
T01039,P1158,P1237,,,
T01800,P1158,P1290,P1323,,
T01945,P1158,P1216,,,
T00430,P1159,P1164,P1192,,
T00903,P1159,P1252,,,
T01253,P1159,P1332,P1359,,
T00869,P1159,P1271,,,
T01195,P1159,,,,
T01440,P1159,,,,
T01001,P1159,P1243,P1260,,
T02013,P1160,,,,
T02533,P1160,P1188,P1348,,
T02105,P1160,P1248,P1254,,
T01212,P1160,,,,
T02063,P1160,,,,
T02749,P1160,P1305,,,
T01594,P1160,P1223,P1286,P1309,P1358
T02044,P1160,P1179,,,
T02654,P1160,P1240,P1334,,
T00491,P1161,P1338,,,
T00783,P1161,P1163,P1194,P1207,P1214
T00742,P1161,,,,
T00402,P1161,P1171,P1231,P1257,
T00999,P1162,,,,
T01172,P1162,P1319,,,
T02701,P1162,P1270,,,
T01361,P1162,,,,
T00885,P1162,P1201,P1305,P1357,
T00490,P1163,P1167,P1185,P1335,
T01627,P1163,P1173,P1359,,
T02758,P1163,P1216,P1343,P1352,
T00151,P1163,P1191,P1246,,
T01522,P1163,P1265,,,
T02110,P1163,P1298,,,
T02557,P1163,P1170,P1284,,
T02744,P1163,P1308,P1329,,
T00732,P1164,,,,
T00953,P1164,P1316,,,
T02660,P1164,P1183,P1216,P1292,
T00648,P1164,P1231,,,
T01144,P1164,P1263,,,
T01348,P1164,P1190,P1247,P1358,
T01967,P1164,P1229,P1264,P1286,P1353
T00700,P1164,P1275,,,
T01196,P1164,P1203,,,
T01694,P1164,P1249,P1310,,
T02471,P1164,P1213,,,
T02182,P1165,P1235,P1343,,
T00301,P1165,P1185,P1190,,
T00665,P1165,P1264,P1338,,
T02079,P1165,P1191,P1240,,
T01453,P1166,P1183,P1225,,
T01574,P1166,,,,
T01826,P1166,P1315,,,
T00760,P1166,P1217,P1231,P1255,P1326
T01088,P1166,P1208,P1236,P1272,P1307
T00780,P1167,P1252,P1336,,
T02099,P1167,P1276,,,
T02339,P1167,P1246,P1255,P1316,P1339
T01873,P1167,P1187,P1255,,
T02274,P1167,,,,
T00053,P1167,,,,
T02438,P1167,P1258,P1265,,
T01543,P1168,P1192,P1198,,
T02936,P1168,P1181,P1314,P1320,P1344
T02568,P1168,P1189,P1203,P1295,
T02725,P1168,P1221,,,
T00357,P1168,,,,
T00642,P1168,P1194,P1217,P1323,
T01753,P1168,,,,
T00441,P1169,P1176,P1183,P1353,
T02940,P1169,,,,
T00139,P1169,P1219,P1229,P1345,
T02696,P1169,,,,
T00851,P1169,P1173,P1271,P1347,
T02681,P1169,P1264,P1271,,
T02734,P1169,P1172,,,
T01480,P1170,P1223,P1230,P1283,P1309
T02641,P1170,P1218,P1281,,
T00988,P1170,P1230,,,
T01023,P1170,P1212,P1225,P1241,P1244
T01285,P1170,P1236,P1303,,
T01507,P1170,P1249,P1276,P1327,
T02343,P1170,P1239,P1281,,
T00877,P1170,P1311,,,
T02492,P1171,P1172,P1200,P1231,P1292
T00243,P1171,P1189,P1225,P1242,P1315
T00632,P1171,,,,
T01724,P1171,P1359,,,
T00890,P1171,,,,
T02570,P1171,,,,
T00229,P1171,,,,
T02058,P1171,P1289,P1311,P1327,
T02550,P1171,P1296,,,
T02015,P1172,P1229,,,
T02296,P1172,P1204,P1250,P1261,P1301
T00634,P1172,P1224,P1287,P1301,
T02966,P1172,P1261,P1264,P1357,
T00390,P1173,P1196,P1234,,
T01588,P1173,,,,
T02779,P1173,P1232,,,
T00814,P1173,P1293,,,
T01703,P1173,P1271,,,
T01561,P1173,P1331,,,
T01051,P1174,,,,
T02954,P1174,,,,
T02144,P1174,P1306,P1318,,
T02197,P1174,P1193,P1200,P1283,P1302
T00018,P1175,P1266,,,
T02824,P1175,,,,
T00546,P1175,P1302,,,
T01564,P1175,P1286,P1343,,
T01587,P1175,P1198,,,
T01735,P1175,P1352,,,
T02730,P1175,P1296,P1306,,
T00315,P1175,P1225,,,
T00324,P1175,,,,
T01120,P1175,P1249,,,
T00117,P1176,P1310,,,
T00997,P1176,P1268,P1278,P1354,
T01311,P1176,P1257,,,
T01860,P1176,,,,
T02050,P1176,P1193,P1222,P1350,
T02524,P1176,P1190,,,
T02623,P1176,P1187,P1201,P1267,P1354
T02741,P1176,,,,
T01010,P1176,P1198,,,
T01489,P1176,P1320,,,
T01491,P1177,,,,
T01036,P1177,P1249,P1300,,
T02422,P1177,P1186,P1334,,
T00880,P1177,P1185,P1193,P1207,P1267
T01701,P1177,,,,
T02599,P1177,P1314,,,
T01713,P1178,P1217,P1232,P1322,
T02427,P1178,P1231,P1358,,
T02481,P1178,P1179,P1226,,
T01384,P1178,P1223,P1281,P1357,
T01041,P1179,P1329,,,
T01567,P1179,,,,
T02528,P1179,P1354,,,
T01795,P1179,P1239,P1294,,
T02032,P1179,,,,
T02131,P1179,P1339,,,
T02353,P1179,P1199,P1315,P1319,
T01672,P1180,P1232,P1260,P1358,
T01551,P1181,P1229,P1256,,
T02485,P1181,P1257,,,
T00036,P1181,P1193,,,
T01325,P1181,P1357,,,
T02117,P1181,,,,
T00083,P1181,,,,
T02649,P1181,P1184,P1211,P1325,
T02466,P1182,P1336,,,
T00286,P1182,,,,
T01007,P1182,,,,
T01017,P1182,P1236,,,
T01955,P1182,P1283,,,
T02199,P1182,,,,
T02098,P1183,P1189,P1193,,
T02933,P1183,P1327,,,
T02464,P1183,P1337,P1340,,
T00051,P1183,P1304,P1326,,
T01076,P1183,,,,
T02213,P1183,P1230,,,
T00864,P1184,P1209,P1215,,
T00366,P1184,P1207,P1212,P1291,
T01495,P1184,P1263,P1287,P1318,
T02239,P1184,P1237,P1341,,
T00704,P1184,P1292,,,
T02375,P1184,P1248,,,
T00643,P1185,P1300,,,
T00733,P1185,P1260,P1309,P1309,
T01505,P1185,P1241,P1309,P1354,
T00886,P1185,,,,
T01801,P1185,P1187,P1356,,
T00217,P1185,P1264,,,
T01149,P1186,,,,
T00483,P1186,P1201,P1246,P1323,
T01637,P1186,P1229,P1238,P1255,
T00172,P1186,P1186,P1254,P1274,
T02174,P1186,P1263,P1300,,
T01245,P1186,P1312,,,
T01836,P1186,P1300,,,
T02301,P1186,P1215,P1286,P1309,P1348
T01173,P1187,P1318,P1333,,
T00693,P1187,P1198,P1199,P1232,
T00065,P1187,P1211,P1213,P1247,P1327
T01909,P1187,P1189,P1321,,
T00479,P1188,P1277,,,
T01754,P1188,P1203,P1242,P1256,
T00674,P1189,,,,
T00913,P1189,P1213,P1219,P1317,
T00164,P1189,,,,
T00330,P1189,P1241,P1270,P1337,
T01439,P1189,P1261,,,
T02263,P1189,P1199,P1233,,
T00335,P1190,,,,
T02120,P1190,P1210,,,
T02399,P1190,,,,
T02486,P1190,P1324,P1328,,
T01030,P1190,P1205,P1295,,
T01603,P1190,P1248,P1311,P1336,P1337
T02173,P1190,,,,
T01372,P1190,P1358,,,
T00001,P1190,P1258,P1309,P1336,
T02128,P1191,P1237,P1275,,
T00204,P1191,,,,
T02474,P1191,P1292,,,
T02495,P1191,P1338,P1342,,
T02087,P1191,P1194,P1295,,
T02266,P1191,,,,
T00163,P1191,P1193,,,
T00646,P1192,,,,
T00730,P1192,,,,
T00464,P1192,P1244,P1354,,
T00500,P1192,P1232,P1295,,
T01647,P1193,,,,
T02974,P1193,P1207,P1296,P1348,
T01425,P1193,P1200,P1230,P1244,P1329
T02403,P1193,P1195,P1206,P1281,P1351
T02611,P1193,P1213,,,
T00122,P1193,,,,
T01016,P1194,P1227,,,
T01129,P1194,P1223,,,
T01750,P1194,P1213,P1251,P1307,P1347
T02212,P1194,,,,
T02093,P1195,P1215,P1236,,
T02412,P1195,P1220,P1275,P1299,
T01854,P1195,P1241,P1285,,
T01929,P1195,P1197,,,
T02118,P1195,P1267,P1317,,
T02382,P1195,,,,
T02927,P1195,P1293,,,
T00082,P1196,,,,
T00503,P1196,P1224,,,
T02675,P1196,P1200,P1208,P1320,P1341
T00452,P1196,P1266,P1345,,
T00947,P1196,P1246,P1246,P1350,
T00214,P1196,P1204,P1223,P1302,
T01303,P1196,P1279,P1352,,
T02776,P1197,,,,
T00264,P1197,,,,
T01842,P1197,P1281,,,
T00784,P1197,P1239,P1359,,
T02272,P1198,P1259,P1317,,
T01047,P1198,,,,
T02706,P1198,P1281,P1290,P1319,
T02446,P1198,P1246,P1331,,
T02947,P1198,,,,
T00541,P1199,,,,
T01426,P1199,P1212,,,
T02482,P1199,,,,
T02976,P1200,P1218,P1219,P1239,
T02545,P1200,P1206,P1307,P1333,P1357
T00884,P1200,,,,
T01320,P1200,P1220,,,
T02142,P1201,,,,
T02712,P1201,P1298,,,
T02783,P1201,P1209,P1239,P1288,P1324
T00220,P1201,P1241,,,
T02030,P1201,P1267,P1308,P1337,
T00026,P1201,,,,
T02002,P1201,P1286,P1287,,
T01847,P1202,P1232,P1318,P1323,
T00187,P1202,P1284,,,
T00986,P1202,P1271,,,
T01270,P1202,P1247,P1330,P1332,P1349
T00373,P1202,P1346,,,
T00095,P1203,P1257,,,
T00262,P1203,P1353,,,
T01700,P1203,P1243,,,
T01131,P1204,P1283,,,
T01941,P1204,P1245,P1276,P1317,
T01193,P1204,P1339,,,
T00043,P1204,P1283,,,
T00368,P1204,P1222,,,
T00838,P1204,P1209,,,
T02324,P1204,P1345,,,
T00058,P1205,,,,
T01009,P1205,P1269,,,
T01721,P1205,P1265,,,
T02861,P1205,P1346,,,
T01080,P1205,P1310,P1325,,
T02682,P1205,P1249,P1250,P1302,P1346
T00237,P1205,,,,
T00832,P1205,,,,
T01765,P1205,,,,
T02652,P1206,,,,
T00356,P1206,P1254,P1286,P1303,P1357
T02713,P1206,,,,
T00522,P1206,P1243,P1345,,
T02410,P1206,P1256,P1260,P1262,P1266
T01000,P1206,,,,
T01351,P1206,,,,
T02022,P1207,P1259,P1309,,
T02168,P1207,P1233,P1256,P1299,
T02751,P1207,P1241,P1293,,
T00267,P1208,,,,
T00942,P1208,P1235,P1252,P1331,
T01825,P1208,P1222,,,
T00336,P1208,P1245,P1329,,
T02104,P1208,P1323,,,
T00933,P1208,P1309,,,
T01286,P1208,P1272,,,
T00355,P1209,P1236,,,
T01718,P1209,P1225,P1354,,
T00716,P1209,P1222,,,
T02529,P1209,P1219,P1259,,
T02680,P1209,P1232,,,
T01720,P1210,P1212,P1219,P1277,P1345
T02057,P1210,,,,
T00149,P1210,P1326,,,
T01666,P1210,,,,
T01908,P1210,P1244,,,
T00020,P1211,P1250,,,
T02261,P1211,P1289,P1315,,
T02069,P1211,P1286,,,
T00438,P1212,,,,
T01546,P1212,P1329,,,
T02385,P1212,P1258,,,
T02453,P1212,P1257,P1323,P1348,
T01741,P1212,,,,
T02998,P1212,,,,
T01575,P1213,,,,
T02517,P1213,P1309,P1337,,
T01470,P1213,P1321,P1346,,
T00063,P1213,,,,
T02554,P1213,,,,
T00091,P1214,P1274,,,
T02347,P1214,P1356,,,
T02532,P1214,,,,
T02912,P1214,P1316,P1321,P1355,
T02458,P1215,,,,
T01927,P1215,,,,
T02703,P1216,,,,
T01730,P1216,P1262,P1266,P1305,
T01570,P1217,P1229,P1246,,
T02722,P1217,P1249,P1283,,
T02487,P1217,P1318,,,
T01364,P1218,,,,
T00497,P1219,,,,
T01774,P1219,P1262,,,
T00128,P1219,,,,
T00133,P1219,,,,
T01059,P1219,,,,
T01366,P1219,,,,
T01078,P1220,P1349,P1357,,
T01890,P1220,,,,
T00595,P1221,P1315,,,
T02152,P1221,P1318,,,
T01501,P1221,P1282,P1307,,
T02269,P1221,,,,
T01640,P1222,P1339,,,
T02631,P1222,,,,
T02258,P1222,P1248,P1261,,
T00679,P1222,,,,
T00501,P1222,P1293,P1300,,
T01671,P1222,P1290,,,
T01633,P1223,,,,
T00342,P1223,,,,
T01699,P1223,,,,
T01915,P1223,P1301,,,
T00582,P1223,P1250,,,
T00858,P1223,P1312,,,
T02511,P1223,P1355,,,
T00064,P1224,,,,
T00118,P1224,,,,
T02285,P1224,,,,
T00426,P1224,P1351,,,
T00294,P1225,P1348,,,
T02196,P1225,,,,
T02972,P1225,,,,
T01223,P1226,P1251,P1253,P1263,
T02569,P1226,,,,
T00906,P1226,P1277,P1326,P1339,
T02337,P1226,,,,
T01230,P1226,P1231,,,
T02710,P1227,P1236,P1241,P1306,
T01157,P1228,P1283,P1289,P1349,
T00023,P1228,,,,
T00105,P1228,P1274,,,
T00709,P1229,,,,
T02042,P1229,P1282,P1328,,
T00111,P1229,P1267,P1312,P1317,
T02964,P1229,P1255,P1302,P1339,
T02891,P1230,P1322,,,
T01295,P1230,P1278,,,
T00552,P1231,,,,
T00788,P1231,P1345,,,
T01809,P1231,,,,
T00302,P1231,,,,
T02695,P1232,,,,
T01734,P1232,P1236,,,
T00306,P1232,P1350,,,
T01490,P1232,P1309,,,
T01297,P1232,P1244,,,
T02582,P1232,P1238,P1331,P1359,
T01392,P1233,P1279,P1314,,
T00404,P1234,P1316,,,
T02816,P1234,,,,
T00226,P1234,,,,
T00412,P1235,P1250,,,
T00972,P1235,P1297,P1305,,
T01597,P1236,P1352,,,
T01907,P1236,P1332,,,
T02380,P1236,,,,
T02146,P1236,,,,
T01631,P1236,,,,
T01931,P1236,P1338,,,
T02127,P1236,P1290,,,
T02693,P1236,,,,
T00383,P1237,,,,
T01133,P1237,,,,
T01368,P1237,P1325,,,
T00867,P1237,,,,
T01119,P1237,P1357,,,
T02765,P1237,,,,
T01731,P1238,P1261,P1280,P1350,
T02655,P1238,P1288,P1289,,
T02092,P1238,,,,
T00755,P1238,P1262,P1316,,
T02429,P1238,,,,
T00328,P1239,P1318,P1347,,
T00555,P1239,P1271,,,
T00795,P1239,P1261,,,
T01330,P1239,,,,
T00461,P1240,,,,
T00190,P1240,P1255,P1269,P1287,
T02838,P1240,,,,
T01452,P1240,P1325,,,
T02060,P1240,P1277,,,
T01487,P1241,P1319,,,
T02335,P1241,,,,
T01044,P1241,P1248,P1283,P1299,
T00714,P1242,,,,
T02928,P1242,P1273,,,
T02543,P1242,P1317,,,
T02579,P1242,P1281,P1301,,
T00395,P1242,P1267,P1330,,
T01808,P1242,,,,
T01475,P1243,,,,
T00010,P1243,P1293,P1304,P1344,
T00711,P1243,,,,
T01704,P1243,,,,
T00735,P1243,,,,
T01316,P1243,P1273,P1310,P1337,
T01427,P1243,P1260,,,
T01920,P1243,P1285,,,
T02243,P1243,,,,
T02601,P1243,P1294,,,
T00147,P1244,,,,
T00282,P1244,,,,
T00450,P1244,,,,
T00268,P1244,,,,
T00468,P1244,P1306,P1316,,
T01312,P1244,,,,
T00594,P1244,P1328,P1335,,
T01414,P1246,P1298,,,
T00528,P1246,P1270,,,
T01541,P1246,P1324,,,
T00198,P1247,,,,
T01006,P1248,,,,
T00252,P1248,P1288,,,
T01003,P1248,,,,
T02768,P1248,,,,
T02832,P1248,P1323,,,
T01264,P1249,P1303,,,
T01438,P1249,P1349,,,
T01284,P1249,P1286,,,
T00551,P1249,P1346,,,
T02808,P1249,P1250,,,
T00576,P1250,P1256,P1329,,
T01494,P1250,,,,
T00456,P1251,,,,
T00331,P1251,P1268,,,
T01665,P1252,,,,
T00129,P1252,P1318,P1347,,
T02705,P1252,,,,
T01339,P1252,,,,
T01550,P1252,,,,
T02292,P1252,P1296,,,
T00403,P1253,P1255,P1348,P1353,
T00045,P1253,,,,
T02067,P1253,P1263,P1313,P1317,
T02970,P1253,P1335,,,
T02935,P1254,P1348,P1355,,
T01831,P1254,,,,
T02140,P1254,,,,
T02075,P1254,,,,
T00968,P1255,P1264,P1302,P1314,P1338
T02616,P1255,,,,
T01471,P1255,P1278,,,
T00927,P1256,P1319,,,
T01019,P1256,,,,
T00251,P1257,P1285,,,
T02668,P1257,,,,
T02723,P1257,P1271,P1272,P1343,
T00809,P1257,,,,
T01419,P1257,P1319,,,
T00295,P1257,P1355,,,
T00085,P1258,,,,
T00843,P1258,P1264,P1320,,
T01083,P1258,P1323,P1353,,
T00185,P1258,P1323,,,
T01982,P1259,,,,
T01394,P1259,,,,
T02541,P1259,P1315,,,
T00418,P1260,P1269,P1324,P1359,
T01374,P1260,,,,
T01903,P1261,P1279,P1315,,
T00150,P1262,P1298,,,
T02794,P1262,,,,
T02896,P1263,,,,
T00012,P1264,P1290,P1357,,
T00902,P1264,P1281,P1329,P1336,
T00097,P1264,,,,
T02170,P1264,P1282,,,
T01844,P1265,P1330,,,
T02217,P1266,,,,
T02300,P1266,,,,
T02137,P1266,P1316,,,
T00581,P1266,,,,
T00892,P1267,P1291,P1347,,
T02894,P1267,,,,
T00578,P1267,P1298,P1302,P1341,P1347
T02479,P1267,,,,
T00570,P1268,P1317,,,
T01096,P1268,,,,
T02678,P1269,P1271,P1286,,
T01777,P1270,,,,
T01250,P1270,,,,
T02203,P1271,,,,
T01256,P1271,P1351,,,
T02491,P1271,P1302,P1323,,
T00681,P1272,P1301,,,
T02500,P1272,P1339,,,
T02724,P1272,,,,
T00870,P1272,P1347,,,
T02355,P1273,P1315,,,
T00772,P1273,,,,
T01121,P1274,P1283,P1284,P1296,P1307
T01947,P1274,P1289,P1315,,
T01134,P1274,,,,
T01292,P1275,,,,
T01695,P1275,,,,
T02742,P1275,P1280,P1285,,
T01136,P1275,,,,
T00249,P1276,,,,
T00661,P1276,,,,
T00079,P1276,,,,
T00649,P1277,P1355,,,
T02368,P1277,,,,
T00723,P1277,,,,
T01463,P1277,,,,
T00728,P1278,P1346,,,
T01056,P1278,P1311,,,
T01332,P1278,,,,
T02283,P1279,,,,
T01804,P1279,P1293,,,
T00519,P1280,P1326,,,
T02840,P1280,,,,
T02684,P1281,,,,
T02825,P1281,P1303,,,
T02447,P1281,,,,
T00608,P1282,P1284,,,
T00007,P1282,P1318,P1327,,
T00166,P1283,,,,
T01799,P1283,,,,
T01653,P1283,,,,
T01697,P1283,P1293,P1320,,
T01961,P1283,,,,
T02251,P1283,,,,
T01641,P1283,,,,
T02334,P1283,P1352,,,
T00872,P1284,P1305,P1341,P1347,
T01101,P1284,,,,
T02527,P1284,,,,
T00710,P1285,P1334,,,
T00285,P1286,,,,
T01930,P1286,P1320,P1321,P1323,P1324
T02155,P1286,,,,
T00764,P1286,,,,
T01547,P1286,,,,
T01623,P1286,P1301,,,
T01429,P1287,P1300,,,
T02341,P1287,P1318,,,
T02342,P1287,,,,
T02743,P1287,,,,
T00116,P1288,P1330,,,
T00201,P1288,,,,
T01827,P1288,,,,
T01936,P1288,,,,
T01585,P1288,P1351,,,
T00372,P1288,,,,
T00200,P1289,,,,
T02129,P1290,P1319,P1320,P1337,
T01756,P1291,,,,
T02001,P1291,,,,
T02771,P1291,,,,
T01745,P1291,,,,
T01167,P1292,,,,
T02546,P1292,,,,
T01679,P1293,,,,
T02644,P1293,,,,
T00299,P1293,P1321,,,
T01776,P1293,,,,
T02434,P1294,P1321,,,
T00527,P1295,,,,
T01764,P1295,P1305,,,
T02702,P1295,,,,
T02700,P1295,P1355,,,
T02762,P1296,,,,
T00381,P1297,,,,
T02215,P1297,,,,
T02864,P1297,,,,
T02720,P1298,,,,
T02364,P1298,,,,
T01815,P1299,,,,
T02107,P1300,P1312,,,
T01533,P1300,P1350,,,
T02651,P1300,,,,
T02462,P1300,,,,
T02440,P1301,P1314,,,
T00347,P1301,,,,
T00320,P1302,,,,
T02273,P1302,,,,
T02906,P1302,P1321,,,
T02717,P1302,,,,
T01455,P1303,,,,
T02019,P1305,P1317,,,
T00038,P1305,,,,
T02926,P1305,,,,
T00120,P1306,,,,
T02537,P1306,P1347,,,
T02049,P1307,P1333,P1340,,
T00261,P1307,,,,
T00345,P1307,,,,
T00743,P1308,,,,
T00779,P1308,,,,
T02338,P1309,,,,
T02959,P1310,P1348,,,
T01074,P1310,P1343,,,
T00466,P1310,,,,
T01488,P1311,,,,
T02839,P1311,,,,
T02255,P1312,,,,
T00873,P1314,,,,
T01382,P1314,,,,
T02262,P1314,,,,
T01702,P1315,,,,
T01004,P1316,,,,
T00888,P1317,,,,
T01963,P1317,,,,
T01122,P1318,P1337,,,
T02232,P1319,,,,
T02320,P1319,,,,
T01005,P1320,,,,
T00671,P1320,,,,
T00833,P1320,,,,
T01307,P1321,P1337,,,
T00606,P1322,,,,
T00385,P1322,,,,
T00655,P1322,,,,
T02997,P1323,,,,
T00819,P1324,,,,
T02150,P1324,,,,
T00842,P1324,,,,
T02282,P1326,,,,
T01391,P1326,,,,
T01838,P1326,,,,
T01417,P1327,,,,
T02784,P1327,,,,
T02879,P1328,,,,
T01239,P1329,,,,
T01817,P1329,,,,
T00171,P1330,,,,
T01650,P1330,,,,
T01935,P1330,,,,
T02761,P1331,,,,
T01350,P1331,,,,
T01377,P1331,,,,
T01692,P1331,,,,
T00599,P1331,,,,
T00685,P1331,,,,
T02071,P1332,,,,
T02731,P1333,,,,
T00393,P1333,,,,
T00475,P1333,,,,
T00420,P1334,,,,
T02507,P1334,,,,
T01154,P1335,,,,
T00848,P1337,,,,
T00718,P1338,,,,
T01204,P1340,,,,
T01843,P1340,,,,
T01343,P1342,P1344,P1357,,
T02389,P1342,,,,
T01176,P1343,,,,
T02039,P1343,,,,
T02045,P1344,,,,
T02737,P1345,,,,
T02162,P1346,,,,
T02804,P1346,,,,
T02122,P1346,,,,
T02344,P1346,,,,
T00922,P1347,,,,
T02454,P1347,,,,
T01711,P1349,,,,
T00034,P1349,,,,
T00987,P1349,,,,
T01304,P1350,,,,
T01399,P1350,,,,
T02901,P1350,,,,
T00955,P1350,,,,
T02141,P1350,,,,
T01560,P1351,,,,
T01877,P1351,,,,
T00462,P1352,,,,
T02195,P1354,,,,
T00698,P1355,,,,
T00853,P1356,,,,
T00152,P1356,,,,
T00409,P1356,,,,
T02911,P1356,,,,
T00408,P1357,,,,
T02516,P1358,,,,
T00284,P1358,,,,
T02949,P1358,,,,
T00731,P1358,,,,
T01862,P1358,,,,
T02944,P1358,,,,
T02179,P1359,,,,
T02849,P1359,,,,
T01066,P1359,,,,
T02855,P1359,,,,
