transaction_id,customer_id,store_id,date
T00031,C0067,S001,2024-09-18
T00119,C0413,S001,2023-10-05
T00175,C0200,S001,2025-02-27
T00212,C0470,S001,2024-01-05
T00243,C0175,S001,2025-03-27
T00255,C0360,S001,2025-05-12
T00294,C0415,S001,2023-08-29
T00302,C0440,S001,2024-05-08
T00304,C0447,S001,2024-04-17
T00305,C0020,S001,2025-06-10
T00330,C0134,S001,2024-01-10
T00350,C0323,S001,2024-12-09
T00429,C0109,S001,2024-09-18
T00444,C0434,S001,2024-09-11
T00474,C0374,S001,2024-08-14
T00480,C0471,S001,2025-06-24
T00500,C0309,S001,2025-06-02
T00506,C0188,S001,2023-12-03
T00522,C0146,S001,2024-09-01
T00556,C0286,S001,2024-08-17
T00570,C0321,S001,2024-06-14
T00636,C0230,S001,2023-09-08
T00672,C0458,S001,2024-07-13
T00706,C0473,S001,2024-04-13
T00713,C0378,S001,2025-04-20
T00760,C0129,S001,2024-07-19
T00778,C0030,S001,2024-01-20
T00790,C0492,S001,2024-01-16
T00802,C0011,S001,2025-03-10
T00836,C0162,S001,2025-01-02
T00840,C0424,S001,2024-09-05
T00912,C0260,S001,2024-07-18
T00936,C0060,S001,2025-03-18
T00995,C0209,S001,2025-06-18
T00998,C0015,S001,2025-05-24
T01017,C0045,S001,2023-10-01
T01033,C0315,S001,2023-11-26
T01078,C0030,S001,2024-03-14
T01081,C0364,S001,2025-08-08
T01115,C0262,S001,2024-10-04
T01118,C0191,S001,2025-01-19
T01119,C0332,S001,2025-04-06
T01120,C0335,S001,2024-04-23
T01128,C0233,S001,2025-06-29
T01162,C0043,S001,2025-05-31
T01174,C0318,S001,2025-05-14
T01191,C0091,S001,2024-11-25
T01232,C0333,S001,2024-06-30
T01266,C0185,S001,2024-03-16
T01267,C0240,S001,2024-07-25
T01269,C0469,S001,2025-06-01
T01311,C0435,S001,2024-12-11
T01314,C0484,S001,2024-03-03
T01327,C0082,S001,2024-04-25
T01381,C0112,S001,2024-04-02
T01408,C0376,S001,2025-05-01
T01433,C0246,S001,2024-07-24
T01437,C0233,S001,2025-03-09
T01440,C0265,S001,2025-03-03
T01451,C0063,S001,2024-02-03
T01488,C0254,S001,2024-06-11
T01519,C0060,S001,2025-04-20
T01552,C0486,S001,2023-09-28
T01580,C0336,S001,2025-05-20
T01582,C0158,S001,2025-07-01
T01596,C0097,S001,2025-06-08
T01606,C0264,S001,2025-05-28
T01691,C0331,S001,2025-03-02
T01729,C0185,S001,2024-03-15
T01730,C0365,S001,2024-05-22
T01738,C0221,S001,2025-07-22
T01784,C0221,S001,2025-04-06
T01806,C0340,S001,2025-03-13
T01838,C0458,S001,2025-06-27
T01840,C0126,S001,2025-05-04
T01855,C0202,S001,2024-09-04
T01858,C0153,S001,2023-11-25
T01926,C0223,S001,2024-09-15
T01968,C0317,S001,2024-04-21
T01994,C0392,S001,2025-06-16
T02002,C0237,S001,2024-03-11
T02021,C0177,S001,2025-04-01
T02030,C0407,S001,2024-07-14
T02057,C0031,S001,2023-10-24
T02085,C0240,S001,2025-03-01
T02103,C0413,S001,2025-05-22
T02125,C0101,S001,2023-12-29
T02149,C0237,S001,2024-06-01
T02158,C0437,S001,2023-10-31
T02168,C0145,S001,2024-07-18
T02194,C0040,S001,2023-09-18
T02230,C0321,S001,2025-04-19
T02241,C0055,S001,2025-08-11
T02242,C0125,S001,2024-03-16
T02248,C0215,S001,2025-02-10
T02250,C0008,S001,2024-03-08
T02273,C0431,S001,2024-05-31
T02315,C0162,S001,2024-05-12
T02319,C0307,S001,2023-12-08
T02338,C0058,S001,2023-12-25
T02342,C0235,S001,2023-11-14
T02346,C0136,S001,2024-09-30
T02349,C0303,S001,2025-02-07
T02378,C0351,S001,2025-04-18
T02385,C0480,S001,2025-06-07
T02398,C0143,S001,2024-07-31
T02399,C0170,S001,2024-03-23
T02404,C0345,S001,2023-09-16
T02411,C0301,S001,2025-07-21
T02436,C0491,S001,2025-08-06
T02467,C0061,S001,2024-05-10
T02484,C0393,S001,2024-04-25
T02527,C0252,S001,2024-09-23
T02543,C0484,S001,2025-01-28
T02560,C0492,S001,2024-07-24
T02565,C0007,S001,2024-05-04
T02595,C0304,S001,2023-10-31
T02687,C0373,S001,2025-07-19
T02720,C0309,S001,2023-12-14
T02735,C0298,S001,2023-12-21
T02755,C0438,S001,2024-03-06
T02771,C0437,S001,2025-05-16
T02791,C0029,S001,2024-03-24
T02807,C0038,S001,2023-08-25
T02817,C0366,S001,2023-09-22
T02848,C0478,S001,2024-01-11
T02881,C0324,S001,2023-12-30
T02882,C0408,S001,2024-05-29
T02886,C0474,S001,2024-04-07
T02918,C0273,S001,2024-08-15
T00002,C0230,S002,2023-11-05
T00033,C0461,S002,2023-12-30
T00042,C0477,S002,2023-12-16
T00044,C0392,S002,2025-06-11
T00053,C0126,S002,2023-09-07
T00060,C0039,S002,2024-04-19
T00100,C0365,S002,2024-06-21
T00171,C0452,S002,2024-08-25
T00180,C0069,S002,2024-01-03
T00197,C0281,S002,2023-10-05
T00233,C0301,S002,2024-01-10
T00324,C0492,S002,2024-10-29
T00334,C0195,S002,2024-10-28
T00377,C0387,S002,2025-04-18
T00430,C0404,S002,2024-04-19
T00441,C0483,S002,2025-07-20
T00443,C0194,S002,2024-09-07
T00539,C0407,S002,2025-04-18
T00564,C0235,S002,2025-03-01
T00569,C0157,S002,2025-01-21
T00575,C0112,S002,2023-09-13
T00583,C0379,S002,2024-07-23
T00614,C0092,S002,2024-11-26
T00623,C0483,S002,2023-12-09
T00642,C0467,S002,2023-09-10
T00643,C0005,S002,2024-04-08
T00645,C0447,S002,2024-02-13
T00655,C0352,S002,2024-05-12
T00669,C0416,S002,2025-07-24
T00681,C0304,S002,2024-01-10
T00690,C0474,S002,2023-09-26
T00716,C0345,S002,2025-03-20
T00728,C0248,S002,2025-07-14
T00767,C0362,S002,2025-05-04
T00818,C0022,S002,2024-03-21
T00847,C0483,S002,2023-08-18
T00883,C0453,S002,2024-10-20
T00886,C0286,S002,2023-11-10
T00891,C0131,S002,2024-11-05
T00902,C0030,S002,2024-12-15
T00908,C0438,S002,2023-10-08
T00919,C0334,S002,2024-10-07
T00969,C0052,S002,2023-09-15
T01011,C0129,S002,2025-04-09
T01021,C0107,S002,2023-12-09
T01048,C0104,S002,2023-09-14
T01063,C0038,S002,2025-07-07
T01079,C0228,S002,2025-06-26
T01161,C0344,S002,2023-08-20
T01175,C0028,S002,2023-12-18
T01252,C0498,S002,2023-12-02
T01258,C0231,S002,2023-12-17
T01259,C0122,S002,2024-06-26
T01332,C0097,S002,2025-07-07
T01338,C0394,S002,2023-10-29
T01371,C0095,S002,2024-05-22
T01417,C0042,S002,2024-11-04
T01422,C0221,S002,2025-04-16
T01423,C0437,S002,2024-10-24
T01430,C0209,S002,2025-02-03
T01466,C0342,S002,2023-10-25
T01476,C0382,S002,2024-05-18
T01485,C0357,S002,2024-06-12
T01489,C0485,S002,2024-10-02
T01508,C0150,S002,2025-07-06
T01531,C0385,S002,2025-07-24
T01546,C0094,S002,2024-10-27
T01560,C0435,S002,2023-10-14
T01589,C0186,S002,2023-12-26
T01593,C0393,S002,2024-02-15
T01619,C0135,S002,2023-08-21
T01696,C0244,S002,2024-04-08
T01723,C0253,S002,2024-07-06
T01743,C0253,S002,2025-07-24
T01748,C0376,S002,2025-07-05
T01781,C0270,S002,2024-10-01
T01782,C0031,S002,2025-04-07
T01788,C0063,S002,2025-06-23
T01793,C0191,S002,2025-04-02
T01803,C0362,S002,2023-09-04
T01810,C0048,S002,2025-06-14
T01820,C0334,S002,2024-08-31
T01823,C0089,S002,2024-02-11
T01847,C0056,S002,2023-11-21
T01878,C0019,S002,2024-07-01
T01951,C0233,S002,2024-05-13
T02025,C0002,S002,2024-05-21
T02040,C0046,S002,2025-01-21
T02043,C0439,S002,2023-11-09
T02115,C0058,S002,2025-08-17
T02117,C0180,S002,2024-06-20
T02129,C0085,S002,2024-06-06
T02200,C0174,S002,2024-02-29
T02212,C0110,S002,2024-09-12
T02218,C0121,S002,2023-09-02
T02237,C0163,S002,2023-12-10
T02268,C0455,S002,2024-10-13
T02288,C0500,S002,2025-03-30
T02325,C0375,S002,2024-09-08
T02332,C0318,S002,2024-10-27
T02336,C0479,S002,2025-08-02
T02345,C0451,S002,2025-02-22
T02361,C0380,S002,2024-08-24
T02403,C0310,S002,2024-12-12
T02450,C0165,S002,2023-12-02
T02529,C0300,S002,2024-01-04
T02541,C0258,S002,2023-09-16
T02542,C0249,S002,2025-03-30
T02643,C0194,S002,2023-08-22
T02673,C0189,S002,2023-09-25
T02692,C0447,S002,2024-03-04
T02738,C0414,S002,2024-06-24
T02741,C0321,S002,2024-07-15
T02749,C0423,S002,2023-12-04
T02765,C0101,S002,2024-03-31
T02789,C0353,S002,2025-02-05
T02805,C0413,S002,2025-06-30
T02839,C0160,S002,2024-05-15
T02861,C0448,S002,2023-09-06
T02867,C0237,S002,2025-05-25
T02880,C0211,S002,2025-04-18
T02897,C0077,S002,2024-03-25
T02904,C0203,S002,2024-09-18
T02905,C0495,S002,2025-05-26
T02946,C0092,S002,2023-10-26
T02951,C0425,S002,2024-08-03
T02953,C0365,S002,2025-02-08
T02999,C0313,S002,2024-02-14
T00051,C0019,S003,2025-03-08
T00065,C0302,S003,2024-11-16
T00111,C0051,S003,2025-04-06
T00138,C0309,S003,2023-10-16
T00143,C0133,S003,2023-12-26
T00149,C0153,S003,2023-10-03
T00151,C0473,S003,2024-05-28
T00154,C0240,S003,2025-07-20
T00158,C0266,S003,2024-02-27
T00176,C0360,S003,2024-07-04
T00190,C0231,S003,2024-11-20
T00206,C0379,S003,2025-05-12
T00285,C0275,S003,2025-02-25
T00296,C0472,S003,2024-03-31
T00335,C0280,S003,2024-06-24
T00358,C0181,S003,2024-05-14
T00371,C0160,S003,2025-01-30
T00394,C0027,S003,2024-08-01
T00459,C0199,S003,2024-07-10
T00461,C0222,S003,2023-12-14
T00465,C0391,S003,2025-04-07
T00475,C0374,S003,2024-06-07
T00487,C0469,S003,2025-08-09
T00503,C0116,S003,2024-11-15
T00525,C0241,S003,2023-11-02
T00540,C0023,S003,2024-04-27
T00549,C0471,S003,2024-03-10
T00562,C0271,S003,2024-07-24
T00588,C0445,S003,2023-10-09
T00589,C0322,S003,2024-06-11
T00595,C0071,S003,2025-02-01
T00609,C0333,S003,2025-03-14
T00621,C0075,S003,2025-01-08
T00697,C0481,S003,2024-04-14
T00699,C0224,S003,2025-04-06
T00700,C0337,S003,2025-02-14
T00731,C0180,S003,2024-08-12
T00735,C0261,S003,2025-02-03
T00753,C0388,S003,2025-04-11
T00761,C0222,S003,2024-04-18
T00765,C0126,S003,2024-08-31
T00780,C0109,S003,2025-01-07
T00796,C0298,S003,2024-07-26
T00798,C0091,S003,2023-12-30
T00829,C0335,S003,2024-02-11
T00844,C0275,S003,2024-12-10
T00873,C0121,S003,2024-02-19
T00932,C0345,S003,2025-06-12
T00947,C0036,S003,2024-12-29
T00967,C0305,S003,2024-05-23
T00985,C0069,S003,2025-07-09
T00994,C0148,S003,2025-05-16
T01002,C0281,S003,2023-12-19
T01043,C0376,S003,2024-08-10
T01068,C0295,S003,2024-09-04
T01073,C0056,S003,2025-04-14
T01090,C0047,S003,2025-07-20
T01104,C0098,S003,2024-12-11
T01134,C0344,S003,2025-08-13
T01145,C0426,S003,2023-09-16
T01177,C0182,S003,2024-01-21
T01201,C0492,S003,2024-09-18
T01235,C0307,S003,2025-01-12
T01247,C0436,S003,2023-12-09
T01250,C0496,S003,2024-05-31
T01262,C0464,S003,2024-10-02
T01303,C0448,S003,2025-07-23
T01318,C0361,S003,2024-11-09
T01323,C0242,S003,2025-06-28
T01329,C0158,S003,2023-12-11
T01370,C0327,S003,2023-10-27
T01391,C0373,S003,2023-08-28
T01407,C0228,S003,2024-10-18
T01445,C0178,S003,2023-12-10
T01450,C0031,S003,2023-12-03
T01471,C0029,S003,2023-10-10
T01533,C0353,S003,2024-04-18
T01559,C0098,S003,2023-11-01
T01564,C0196,S003,2024-01-17
T01584,C0173,S003,2024-03-20
T01585,C0136,S003,2023-11-19
T01659,C0096,S003,2023-09-14
T01660,C0058,S003,2025-06-24
T01678,C0356,S003,2025-05-25
T01685,C0217,S003,2025-07-05
T01701,C0181,S003,2024-05-28
T01769,C0088,S003,2023-10-01
T01817,C0343,S003,2025-06-19
T01862,C0143,S003,2024-07-22
T01884,C0449,S003,2025-01-13
T01921,C0303,S003,2024-08-01
T01931,C0312,S003,2024-10-27
T01939,C0007,S003,2024-11-11
T01960,C0376,S003,2024-10-05
T01991,C0357,S003,2024-05-09
T02010,C0046,S003,2023-11-28
T02026,C0280,S003,2023-11-14
T02031,C0431,S003,2024-12-05
T02038,C0253,S003,2024-11-16
T02052,C0307,S003,2025-04-25
T02063,C0011,S003,2025-01-21
T02067,C0417,S003,2024-08-17
T02077,C0138,S003,2024-12-08
T02082,C0294,S003,2023-12-19
T02093,C0477,S003,2024-10-11
T02101,C0363,S003,2024-08-28
T02123,C0241,S003,2024-12-06
T02132,C0439,S003,2024-01-19
T02140,C0322,S003,2024-02-18
T02141,C0322,S003,2024-06-11
T02142,C0314,S003,2024-12-13
T02162,C0058,S003,2024-12-03
T02181,C0091,S003,2024-02-26
T02184,C0293,S003,2024-03-13
T02187,C0461,S003,2024-02-01
T02220,C0488,S003,2024-01-09
T02279,C0486,S003,2023-12-16
T02297,C0267,S003,2024-04-03
T02304,C0077,S003,2024-03-22
T02340,C0498,S003,2025-01-18
T02372,C0375,S003,2023-09-26
T02409,C0054,S003,2025-06-10
T02460,C0122,S003,2024-12-24
T02466,C0187,S003,2025-07-15
T02475,C0445,S003,2024-09-17
T02491,C0128,S003,2023-10-17
T02496,C0458,S003,2024-04-05
T02531,C0163,S003,2025-03-14
T02532,C0122,S003,2024-05-28
T02536,C0281,S003,2024-12-21
T02545,C0327,S003,2024-04-02
T02546,C0170,S003,2025-03-29
T02578,C0069,S003,2024-11-09
T02611,C0249,S003,2024-05-15
T02613,C0456,S003,2024-10-30
T02620,C0481,S003,2024-05-11
T02633,C0076,S003,2023-11-30
T02638,C0481,S003,2023-09-12
T02646,C0104,S003,2024-01-19
T02661,C0342,S003,2024-12-14
T02669,C0222,S003,2024-11-13
T02680,C0464,S003,2024-12-23
T02698,C0196,S003,2024-07-29
T02707,C0026,S003,2025-03-10
T02722,C0052,S003,2025-03-07
T02730,C0072,S003,2024-12-12
T02736,C0136,S003,2025-06-17
T02750,C0201,S003,2025-01-06
T02752,C0417,S003,2023-09-08
T02777,C0350,S003,2024-02-18
T02812,C0051,S003,2024-10-11
T02859,C0044,S003,2024-02-19
T02868,C0286,S003,2025-05-09
T02925,C0323,S003,2024-08-30
T02955,C0268,S003,2025-01-11
T02961,C0039,S003,2024-03-12
T02972,C0224,S003,2025-03-12
T02975,C0276,S003,2023-11-09
T02980,C0125,S003,2023-10-17
T02997,C0361,S003,2025-01-06
T03000,C0202,S003,2025-04-17
T00022,C0265,S004,2025-03-16
T00034,C0373,S004,2025-01-12
T00035,C0114,S004,2025-02-21
T00059,C0106,S004,2025-06-21
T00110,C0313,S004,2025-04-08
T00139,C0354,S004,2024-05-21
T00173,C0223,S004,2024-05-07
T00178,C0429,S004,2025-04-10
T00179,C0050,S004,2024-11-30
T00182,C0270,S004,2024-02-27
T00232,C0063,S004,2024-05-07
T00248,C0419,S004,2023-09-23
T00258,C0080,S004,2025-01-12
T00308,C0232,S004,2024-01-04
T00357,C0293,S004,2024-03-24
T00359,C0365,S004,2023-11-25
T00370,C0059,S004,2025-06-13
T00376,C0109,S004,2024-11-21
T00403,C0240,S004,2024-08-22
T00413,C0490,S004,2025-06-14
T00417,C0057,S004,2023-09-04
T00462,C0028,S004,2025-02-18
T00482,C0480,S004,2024-05-03
T00502,C0314,S004,2024-08-13
T00510,C0148,S004,2024-08-01
T00514,C0169,S004,2024-04-14
T00521,C0172,S004,2023-11-27
T00535,C0017,S004,2024-01-08
T00557,C0286,S004,2024-02-19
T00582,C0214,S004,2024-10-15
T00603,C0256,S004,2024-07-26
T00604,C0415,S004,2023-09-25
T00628,C0442,S004,2024-11-22
T00634,C0149,S004,2025-08-15
T00638,C0237,S004,2024-05-19
T00685,C0482,S004,2024-10-28
T00688,C0160,S004,2024-10-26
T00695,C0324,S004,2025-08-03
T00739,C0302,S004,2025-04-17
T00746,C0177,S004,2023-10-10
T00748,C0412,S004,2024-03-26
T00852,C0204,S004,2025-02-09
T00863,C0500,S004,2025-03-04
T00880,C0241,S004,2024-09-07
T00899,C0144,S004,2024-03-10
T00916,C0435,S004,2025-03-25
T00926,C0409,S004,2025-03-22
T00977,C0424,S004,2024-11-05
T01004,C0408,S004,2025-02-16
T01032,C0385,S004,2024-10-27
T01065,C0485,S004,2023-12-30
T01087,C0172,S004,2025-04-28
T01139,C0381,S004,2023-09-18
T01151,C0329,S004,2024-12-26
T01153,C0214,S004,2024-02-25
T01212,C0343,S004,2024-08-09
T01217,C0216,S004,2023-09-07
T01219,C0237,S004,2024-01-11
T01230,C0201,S004,2024-10-15
T01294,C0001,S004,2024-09-12
T01307,C0150,S004,2023-11-04
T01326,C0068,S004,2024-01-07
T01333,C0171,S004,2024-11-22
T01343,C0384,S004,2025-04-17
T01354,C0407,S004,2024-03-09
T01384,C0019,S004,2025-05-11
T01385,C0139,S004,2025-04-21
T01421,C0109,S004,2025-08-11
T01443,C0146,S004,2023-08-19
T01447,C0339,S004,2025-08-16
T01452,C0102,S004,2025-03-27
T01478,C0347,S004,2025-02-24
T01483,C0445,S004,2025-03-17
T01486,C0125,S004,2024-02-26
T01497,C0113,S004,2024-08-28
T01506,C0223,S004,2024-12-22
T01516,C0147,S004,2025-01-01
T01542,C0026,S004,2024-04-08
T01556,C0334,S004,2024-06-24
T01640,C0473,S004,2025-04-11
T01652,C0392,S004,2024-05-03
T01666,C0136,S004,2025-01-10
T01669,C0419,S004,2024-10-13
T01671,C0428,S004,2024-03-29
T01734,C0348,S004,2024-03-18
T01751,C0113,S004,2023-09-11
T01755,C0219,S004,2024-05-19
T01780,C0153,S004,2024-08-03
T01818,C0353,S004,2023-09-01
T01860,C0415,S004,2023-09-06
T01966,C0489,S004,2024-09-22
T01970,C0216,S004,2025-08-14
T02004,C0335,S004,2024-11-30
T02081,C0150,S004,2025-01-13
T02108,C0344,S004,2023-09-26
T02111,C0421,S004,2023-10-07
T02124,C0483,S004,2024-02-12
T02135,C0392,S004,2024-01-09
T02138,C0161,S004,2024-09-23
T02161,C0187,S004,2023-12-11
T02183,C0460,S004,2024-04-07
T02209,C0069,S004,2024-05-04
T02253,C0469,S004,2025-03-16
T02265,C0071,S004,2024-06-27
T02287,C0041,S004,2025-07-02
T02294,C0039,S004,2024-02-06
T02335,C0373,S004,2025-03-26
T02348,C0377,S004,2025-03-03
T02386,C0490,S004,2025-04-09
T02437,C0014,S004,2025-03-03
T02447,C0042,S004,2024-04-08
T02453,C0464,S004,2025-02-11
T02492,C0048,S004,2025-05-14
T02494,C0217,S004,2025-06-16
T02495,C0281,S004,2023-08-26
T02503,C0385,S004,2025-05-03
T02506,C0030,S004,2025-07-05
T02511,C0115,S004,2024-03-11
T02517,C0493,S004,2025-01-30
T02523,C0109,S004,2024-10-28
T02544,C0118,S004,2024-09-01
T02570,C0101,S004,2024-01-15
T02573,C0085,S004,2025-01-28
T02579,C0242,S004,2023-10-16
T02592,C0277,S004,2023-12-08
T02635,C0268,S004,2025-07-11
T02671,C0388,S004,2023-10-07
T02723,C0235,S004,2024-08-15
T02757,C0236,S004,2023-12-09
T02786,C0387,S004,2024-09-12
T02797,C0082,S004,2024-02-02
T02810,C0335,S004,2023-12-03
T02824,C0051,S004,2025-01-18
T02863,C0152,S004,2025-08-14
T02894,C0177,S004,2025-07-28
T02903,C0472,S004,2023-12-12
T02906,C0098,S004,2024-08-12
T02913,C0166,S004,2023-12-18
T02920,C0087,S004,2023-11-26
T02924,C0063,S004,2023-12-11
T02936,C0279,S004,2024-12-03
T02966,C0180,S004,2025-01-20
T02969,C0399,S004,2025-07-02
T02994,C0234,S004,2023-12-24
T00020,C0320,S005,2023-11-02
T00062,C0345,S005,2025-04-16
T00069,C0196,S005,2024-07-04
T00094,C0058,S005,2023-09-28
T00129,C0494,S005,2024-02-28
T00157,C0329,S005,2025-03-09
T00162,C0273,S005,2024-10-24
T00187,C0328,S005,2024-11-25
T00194,C0324,S005,2024-05-28
T00203,C0243,S005,2024-10-10
T00210,C0184,S005,2023-12-08
T00226,C0096,S005,2025-05-30
T00231,C0339,S005,2024-12-01
T00238,C0431,S005,2025-06-27
T00279,C0160,S005,2023-08-26
T00310,C0425,S005,2024-01-27
T00316,C0187,S005,2025-02-28
T00327,C0062,S005,2025-03-22
T00336,C0173,S005,2023-10-30
T00363,C0373,S005,2024-06-12
T00374,C0136,S005,2025-04-17
T00420,C0417,S005,2025-04-27
T00425,C0475,S005,2025-04-02
T00431,C0009,S005,2024-01-23
T00434,C0051,S005,2025-05-14
T00446,C0235,S005,2025-08-08
T00449,C0352,S005,2024-08-28
T00477,C0296,S005,2024-07-12
T00495,C0180,S005,2025-04-24
T00511,C0369,S005,2025-01-22
T00527,C0383,S005,2025-06-06
T00547,C0258,S005,2025-07-06
T00574,C0186,S005,2025-06-13
T00594,C0419,S005,2024-07-04
T00596,C0071,S005,2025-05-20
T00598,C0032,S005,2025-06-18
T00667,C0480,S005,2024-01-30
T00702,C0477,S005,2025-07-02
T00723,C0496,S005,2023-11-21
T00734,C0402,S005,2025-04-05
T00747,C0304,S005,2023-09-19
T00750,C0483,S005,2024-11-04
T00757,C0351,S005,2024-12-04
T00783,C0338,S005,2025-03-26
T00785,C0318,S005,2025-03-11
T00792,C0291,S005,2023-12-31
T00819,C0142,S005,2024-05-23
T00838,C0059,S005,2024-04-17
T00846,C0215,S005,2024-12-29
T00862,C0459,S005,2025-05-22
T00869,C0167,S005,2024-09-26
T00889,C0459,S005,2023-12-16
T00906,C0086,S005,2023-10-13
T00915,C0315,S005,2024-08-14
T00975,C0028,S005,2023-12-01
T00983,C0273,S005,2024-06-05
T00991,C0268,S005,2023-10-01
T01003,C0416,S005,2024-12-10
T01030,C0037,S005,2023-12-17
T01036,C0216,S005,2025-02-10
T01038,C0078,S005,2025-02-24
T01050,C0047,S005,2024-11-18
T01092,C0420,S005,2024-02-13
T01107,C0103,S005,2024-11-27
T01126,C0452,S005,2025-06-24
T01130,C0401,S005,2024-07-18
T01135,C0496,S005,2024-02-07
T01198,C0169,S005,2024-12-13
T01228,C0378,S005,2023-12-17
T01260,C0113,S005,2023-10-03
T01295,C0279,S005,2024-11-01
T01322,C0112,S005,2025-04-03
T01359,C0242,S005,2023-09-08
T01378,C0022,S005,2024-08-10
T01442,C0009,S005,2024-03-02
T01463,C0051,S005,2024-12-21
T01469,C0490,S005,2025-02-25
T01477,C0002,S005,2025-04-28
T01570,C0282,S005,2025-01-14
T01625,C0479,S005,2024-05-09
T01630,C0275,S005,2024-06-27
T01653,C0188,S005,2025-06-09
T01677,C0491,S005,2024-11-07
T01698,C0281,S005,2023-12-11
T01708,C0060,S005,2025-03-06
T01775,C0473,S005,2025-04-20
T01778,C0300,S005,2024-11-10
T01786,C0336,S005,2025-07-27
T01849,C0152,S005,2024-09-21
T01867,C0030,S005,2025-03-06
T01877,C0319,S005,2024-11-22
T01888,C0087,S005,2024-12-22
T01891,C0142,S005,2025-01-01
T01909,C0170,S005,2025-04-24
T01930,C0044,S005,2025-05-14
T01938,C0171,S005,2024-07-05
T02009,C0057,S005,2024-02-17
T02015,C0005,S005,2024-08-20
T02079,C0472,S005,2025-03-06
T02128,C0355,S005,2023-08-30
T02145,C0332,S005,2024-04-25
T02146,C0370,S005,2024-06-27
T02163,C0070,S005,2023-10-30
T02166,C0321,S005,2025-05-30
T02193,C0032,S005,2024-11-14
T02206,C0326,S005,2024-10-27
T02217,C0090,S005,2024-06-17
T02223,C0387,S005,2023-11-24
T02255,C0352,S005,2025-07-01
T02283,C0064,S005,2023-12-09
T02321,C0343,S005,2023-10-27
T02357,C0317,S005,2025-01-18
T02360,C0486,S005,2023-08-31
T02368,C0432,S005,2024-08-28
T02394,C0078,S005,2025-08-01
T02416,C0175,S005,2024-12-07
T02421,C0011,S005,2025-06-04
T02443,C0267,S005,2025-01-13
T02478,C0080,S005,2025-04-13
T02490,C0218,S005,2025-04-04
T02509,C0128,S005,2023-11-24
T02551,C0044,S005,2023-10-07
T02555,C0446,S005,2025-07-21
T02567,C0117,S005,2024-07-04
T02587,C0450,S005,2025-05-13
T02630,C0318,S005,2025-08-02
T02655,C0141,S005,2024-01-03
T02666,C0084,S005,2025-03-27
T02709,C0478,S005,2024-10-30
T02711,C0354,S005,2024-02-04
T02740,C0362,S005,2024-05-05
T02754,C0005,S005,2024-04-29
T02816,C0375,S005,2025-02-09
T02911,C0231,S005,2023-10-23
T02941,C0430,S005,2025-02-20
T02949,C0263,S005,2025-02-21
T02992,C0365,S005,2025-03-15
T00001,C0385,S006,2024-04-04
T00021,C0228,S006,2023-08-25
T00055,C0075,S006,2024-05-20
T00102,C0219,S006,2023-12-14
T00103,C0328,S006,2025-02-16
T00104,C0234,S006,2024-08-13
T00118,C0069,S006,2025-04-25
T00125,C0065,S006,2024-01-06
T00131,C0244,S006,2025-05-18
T00141,C0350,S006,2024-08-29
T00163,C0043,S006,2024-03-25
T00205,C0340,S006,2023-09-22
T00249,C0350,S006,2024-09-26
T00306,C0045,S006,2025-01-29
T00328,C0447,S006,2024-03-30
T00340,C0274,S006,2025-02-15
T00341,C0161,S006,2023-10-21
T00351,C0025,S006,2025-04-15
T00360,C0377,S006,2023-10-07
T00365,C0215,S006,2024-01-01
T00373,C0300,S006,2024-12-08
T00406,C0286,S006,2024-12-05
T00407,C0476,S006,2024-10-27
T00408,C0201,S006,2024-02-13
T00439,C0242,S006,2024-05-01
T00440,C0287,S006,2025-02-05
T00471,C0241,S006,2024-07-19
T00561,C0075,S006,2025-01-25
T00579,C0099,S006,2024-03-29
T00584,C0036,S006,2024-03-07
T00592,C0252,S006,2024-07-20
T00617,C0220,S006,2025-07-03
T00647,C0483,S006,2024-12-13
T00678,C0050,S006,2024-11-21
T00708,C0317,S006,2024-08-03
T00738,C0153,S006,2024-11-27
T00742,C0402,S006,2024-12-13
T00811,C0149,S006,2024-12-02
T00832,C0134,S006,2024-01-05
T00835,C0441,S006,2024-08-09
T00850,C0414,S006,2023-09-17
T00855,C0191,S006,2024-03-16
T00887,C0095,S006,2024-12-31
T00890,C0072,S006,2024-02-11
T00927,C0146,S006,2025-03-02
T00944,C0216,S006,2023-12-26
T00954,C0264,S006,2024-04-12
T00966,C0385,S006,2025-04-02
T01024,C0359,S006,2024-07-10
T01027,C0388,S006,2024-09-15
T01028,C0257,S006,2024-02-26
T01044,C0220,S006,2024-05-16
T01113,C0317,S006,2023-12-12
T01140,C0096,S006,2024-09-26
T01154,C0150,S006,2025-06-23
T01157,C0202,S006,2024-03-31
T01179,C0377,S006,2023-12-09
T01180,C0264,S006,2025-01-04
T01202,C0091,S006,2024-05-13
T01204,C0152,S006,2023-09-28
T01215,C0224,S006,2024-01-27
T01220,C0403,S006,2023-09-17
T01240,C0053,S006,2025-03-11
T01271,C0006,S006,2025-01-08
T01273,C0353,S006,2025-04-24
T01352,C0308,S006,2025-08-12
T01353,C0077,S006,2025-03-31
T01368,C0092,S006,2024-02-24
T01394,C0167,S006,2024-08-31
T01413,C0409,S006,2025-06-05
T01465,C0366,S006,2025-01-25
T01467,C0383,S006,2024-03-30
T01490,C0383,S006,2024-11-28
T01491,C0039,S006,2024-12-23
T01513,C0180,S006,2023-10-31
T01523,C0161,S006,2025-03-10
T01526,C0469,S006,2025-07-09
T01540,C0405,S006,2025-01-13
T01555,C0270,S006,2024-12-28
T01599,C0388,S006,2023-11-21
T01665,C0220,S006,2024-04-29
T01712,C0470,S006,2024-03-07
T01714,C0335,S006,2023-10-06
T01718,C0315,S006,2024-01-25
T01735,C0056,S006,2024-05-30
T01742,C0234,S006,2024-02-01
T01746,C0218,S006,2024-01-30
T01758,C0365,S006,2024-06-23
T01816,C0185,S006,2024-06-24
T01826,C0260,S006,2024-08-07
T01834,C0199,S006,2024-07-21
T01873,C0042,S006,2024-11-03
T01882,C0056,S006,2024-02-13
T01927,C0415,S006,2023-11-11
T01957,C0421,S006,2023-10-07
T01958,C0022,S006,2023-09-20
T01961,C0165,S006,2024-11-03
T01975,C0229,S006,2024-06-22
T02058,C0261,S006,2025-04-26
T02086,C0440,S006,2025-07-04
T02096,C0021,S006,2024-03-25
T02167,C0481,S006,2025-08-17
T02229,C0069,S006,2024-03-27
T02245,C0317,S006,2024-03-21
T02263,C0491,S006,2023-09-29
T02305,C0189,S006,2024-02-26
T02369,C0128,S006,2025-08-02
T02380,C0477,S006,2024-07-08
T02381,C0399,S006,2024-12-23
T02429,C0311,S006,2025-07-11
T02455,C0004,S006,2024-05-14
T02458,C0343,S006,2024-05-15
T02474,C0044,S006,2025-07-12
T02499,C0323,S006,2024-05-22
T02500,C0450,S006,2023-12-08
T02507,C0462,S006,2024-05-16
T02610,C0338,S006,2023-11-05
T02642,C0185,S006,2024-12-29
T02658,C0288,S006,2023-11-19
T02663,C0038,S006,2023-09-01
T02695,C0214,S006,2025-03-23
T02772,C0112,S006,2023-09-07
T02823,C0366,S006,2023-11-08
T02826,C0058,S006,2025-02-23
T02830,C0309,S006,2023-11-24
T02837,C0077,S006,2025-07-29
T02841,C0101,S006,2024-10-29
T02842,C0335,S006,2024-09-18
T02851,C0203,S006,2024-11-19
T02860,C0092,S006,2024-02-05
T02864,C0029,S006,2023-10-01
T02869,C0431,S006,2024-08-18
T02909,C0196,S006,2025-01-13
T02934,C0490,S006,2023-12-11
T02947,C0372,S006,2024-01-03
T02954,C0391,S006,2024-05-06
T02976,C0327,S006,2025-03-01
T00005,C0428,S007,2024-03-03
T00057,C0085,S007,2025-05-15
T00077,C0252,S007,2024-12-10
T00112,C0267,S007,2024-02-22
T00120,C0337,S007,2024-01-02
T00127,C0486,S007,2024-03-24
T00133,C0276,S007,2024-08-20
T00195,C0367,S007,2024-05-01
T00200,C0261,S007,2025-04-28
T00208,C0113,S007,2025-01-22
T00209,C0325,S007,2024-06-06
T00223,C0227,S007,2025-02-18
T00235,C0037,S007,2024-01-15
T00242,C0214,S007,2024-12-31
T00254,C0341,S007,2025-02-06
T00272,C0475,S007,2023-09-20
T00277,C0170,S007,2023-08-26
T00282,C0388,S007,2024-03-12
T00300,C0326,S007,2024-07-04
T00348,C0129,S007,2024-12-12
T00354,C0433,S007,2025-03-05
T00362,C0219,S007,2025-08-16
T00381,C0484,S007,2024-09-02
T00390,C0211,S007,2024-10-10
T00396,C0452,S007,2024-05-01
T00416,C0448,S007,2023-08-30
T00426,C0373,S007,2024-04-09
T00452,C0106,S007,2024-07-05
T00456,C0021,S007,2024-09-26
T00460,C0217,S007,2025-04-18
T00468,C0129,S007,2025-04-04
T00483,C0001,S007,2024-09-14
T00530,C0264,S007,2024-09-06
T00536,C0420,S007,2024-09-17
T00593,C0307,S007,2024-04-11
T00601,C0041,S007,2024-06-23
T00687,C0124,S007,2025-04-22
T00711,C0013,S007,2024-06-11
T00745,C0234,S007,2024-06-16
T00809,C0045,S007,2024-01-09
T00833,C0412,S007,2025-05-10
T00854,C0458,S007,2025-05-07
T00867,C0428,S007,2024-03-25
T00914,C0070,S007,2024-12-26
T00925,C0044,S007,2024-01-29
T00929,C0143,S007,2024-01-16
T00965,C0054,S007,2024-04-07
T00968,C0496,S007,2025-08-07
T00996,C0310,S007,2025-05-16
T01001,C0224,S007,2024-05-11
T01019,C0066,S007,2024-04-23
T01066,C0430,S007,2023-10-01
T01076,C0362,S007,2024-07-02
T01085,C0445,S007,2024-02-02
T01094,C0191,S007,2024-08-30
T01110,C0315,S007,2024-06-07
T01138,C0294,S007,2024-09-21
T01143,C0184,S007,2025-06-02
T01193,C0324,S007,2025-08-13
T01203,C0382,S007,2023-09-24
T01225,C0082,S007,2023-12-21
T01229,C0142,S007,2024-05-06
T01264,C0469,S007,2023-09-03
T01278,C0250,S007,2024-01-07
T01279,C0353,S007,2023-12-09
T01291,C0023,S007,2025-07-09
T01304,C0195,S007,2025-03-14
T01312,C0349,S007,2024-04-16
T01331,C0123,S007,2025-02-01
T01358,C0393,S007,2024-08-21
T01373,C0445,S007,2023-10-14
T01379,C0008,S007,2023-12-02
T01383,C0224,S007,2025-07-03
T01420,C0419,S007,2023-12-22
T01441,C0458,S007,2024-08-20
T01458,C0289,S007,2024-10-07
T01459,C0170,S007,2025-01-02
T01472,C0190,S007,2025-07-05
T01492,C0443,S007,2024-10-28
T01499,C0480,S007,2024-01-08
T01509,C0170,S007,2024-08-31
T01510,C0307,S007,2025-05-02
T01522,C0402,S007,2023-11-23
T01565,C0474,S007,2023-11-17
T01572,C0348,S007,2023-12-10
T01575,C0401,S007,2024-12-22
T01579,C0023,S007,2023-08-24
T01590,C0496,S007,2024-08-16
T01595,C0339,S007,2025-03-21
T01612,C0105,S007,2024-09-02
T01624,C0294,S007,2023-09-04
T01631,C0305,S007,2024-05-03
T01636,C0383,S007,2024-11-30
T01642,C0248,S007,2025-06-01
T01644,C0214,S007,2024-05-08
T01655,C0075,S007,2025-08-04
T01711,C0478,S007,2023-09-28
T01720,C0152,S007,2023-08-28
T01739,C0490,S007,2023-09-13
T01747,C0003,S007,2024-05-11
T01752,C0360,S007,2023-11-20
T01756,C0490,S007,2025-04-19
T01787,C0372,S007,2023-12-31
T01811,C0265,S007,2025-02-27
T01846,C0106,S007,2024-03-08
T01852,C0106,S007,2024-04-29
T01866,C0075,S007,2024-03-22
T01869,C0093,S007,2024-11-08
T01895,C0317,S007,2025-02-26
T01903,C0240,S007,2024-05-22
T01907,C0183,S007,2024-05-24
T01929,C0468,S007,2023-08-22
T01982,C0472,S007,2024-06-30
T01987,C0446,S007,2025-01-21
T01993,C0111,S007,2023-11-12
T02071,C0398,S007,2023-12-05
T02072,C0427,S007,2025-05-11
T02074,C0116,S007,2023-10-24
T02078,C0366,S007,2025-08-15
T02120,C0430,S007,2024-04-25
T02156,C0117,S007,2023-09-14
T02169,C0061,S007,2024-07-07
T02210,C0343,S007,2024-10-14
T02231,C0210,S007,2023-11-30
T02254,C0459,S007,2024-09-16
T02298,C0345,S007,2024-10-07
T02367,C0046,S007,2024-10-10
T02387,C0411,S007,2025-05-10
T02426,C0404,S007,2023-09-18
T02451,C0308,S007,2025-08-14
T02452,C0080,S007,2025-06-06
T02462,C0401,S007,2025-06-24
T02463,C0184,S007,2024-05-29
T02465,C0214,S007,2024-10-19
T02480,C0303,S007,2023-11-16
T02488,C0185,S007,2023-10-15
T02535,C0358,S007,2023-11-10
T02562,C0249,S007,2024-01-13
T02568,C0286,S007,2024-08-20
T02594,C0461,S007,2023-10-02
T02618,C0139,S007,2024-06-29
T02674,C0137,S007,2025-05-03
T02705,C0467,S007,2023-12-09
T02719,C0245,S007,2025-03-24
T02721,C0003,S007,2024-07-15
T02763,C0088,S007,2025-02-08
T02827,C0122,S007,2025-04-02
T02832,C0331,S007,2023-11-11
T02858,C0471,S007,2025-08-14
T02862,C0362,S007,2025-04-22
T02895,C0483,S007,2023-09-08
T02919,C0041,S007,2024-03-13
T02930,C0297,S007,2023-11-28
T02937,C0454,S007,2023-08-24
T02957,C0155,S007,2023-12-11
T00015,C0444,S008,2025-02-10
T00047,C0046,S008,2023-10-05
T00067,C0249,S008,2025-04-23
T00090,C0412,S008,2024-09-19
T00128,C0338,S008,2024-12-23
T00193,C0361,S008,2023-11-19
T00199,C0137,S008,2025-08-04
T00213,C0438,S008,2024-07-13
T00239,C0056,S008,2024-11-04
T00259,C0435,S008,2024-10-17
T00315,C0389,S008,2024-06-26
T00366,C0260,S008,2024-01-17
T00400,C0109,S008,2024-08-17
T00402,C0427,S008,2024-05-30
T00404,C0435,S008,2025-07-26
T00419,C0212,S008,2024-11-13
T00447,C0495,S008,2024-06-02
T00457,C0135,S008,2024-08-08
T00501,C0449,S008,2024-07-06
T00528,C0330,S008,2024-12-18
T00532,C0224,S008,2025-05-26
T00554,C0196,S008,2024-12-07
T00566,C0438,S008,2025-07-20
T00571,C0254,S008,2024-03-20
T00578,C0338,S008,2025-04-14
T00599,C0488,S008,2024-08-19
T00605,C0495,S008,2024-08-10
T00631,C0380,S008,2023-12-08
T00646,C0473,S008,2025-06-09
T00653,C0140,S008,2024-09-09
T00656,C0185,S008,2023-11-14
T00658,C0132,S008,2025-07-21
T00666,C0463,S008,2024-12-24
T00676,C0073,S008,2025-08-07
T00683,C0085,S008,2024-01-27
T00689,C0090,S008,2023-08-27
T00718,C0461,S008,2024-08-11
T00719,C0407,S008,2024-06-19
T00721,C0160,S008,2024-11-19
T00722,C0275,S008,2025-03-20
T00724,C0350,S008,2025-05-12
T00726,C0142,S008,2024-05-17
T00749,C0109,S008,2025-04-25
T00751,C0481,S008,2025-04-24
T00804,C0098,S008,2025-03-06
T00817,C0006,S008,2025-03-18
T00825,C0270,S008,2024-11-06
T00843,C0177,S008,2025-03-14
T00845,C0248,S008,2025-08-10
T00866,C0185,S008,2025-08-08
T00884,C0256,S008,2024-01-08
T00898,C0460,S008,2023-12-23
T00924,C0374,S008,2023-11-25
T00937,C0008,S008,2025-03-24
T00941,C0412,S008,2024-05-31
T00943,C0465,S008,2024-04-08
T00972,C0188,S008,2024-08-05
T00982,C0435,S008,2025-03-20
T00984,C0439,S008,2025-03-11
T01014,C0232,S008,2023-10-23
T01023,C0208,S008,2024-04-27
T01034,C0164,S008,2024-01-25
T01054,C0044,S008,2025-06-13
T01062,C0122,S008,2024-03-29
T01072,C0487,S008,2025-07-06
T01075,C0366,S008,2024-02-18
T01105,C0425,S008,2024-02-03
T01136,C0437,S008,2023-08-31
T01159,C0153,S008,2024-10-27
T01237,C0178,S008,2025-01-01
T01243,C0360,S008,2023-12-05
T01244,C0441,S008,2024-11-22
T01255,C0436,S008,2025-07-31
T01283,C0228,S008,2023-10-14
T01293,C0343,S008,2025-07-14
T01298,C0145,S008,2024-10-31
T01299,C0104,S008,2025-05-05
T01302,C0160,S008,2023-12-03
T01310,C0044,S008,2024-09-19
T01319,C0073,S008,2024-01-10
T01320,C0142,S008,2023-09-28
T01364,C0341,S008,2024-07-14
T01403,C0398,S008,2024-06-04
T01434,C0464,S008,2023-11-22
T01436,C0191,S008,2024-09-18
T01453,C0133,S008,2024-04-13
T01455,C0328,S008,2025-04-29
T01456,C0372,S008,2024-05-15
T01480,C0405,S008,2024-10-16
T01502,C0421,S008,2025-03-17
T01514,C0085,S008,2024-01-26
T01518,C0454,S008,2024-11-05
T01535,C0202,S008,2024-11-18
T01537,C0142,S008,2024-12-16
T01604,C0223,S008,2024-02-11
T01605,C0321,S008,2024-04-07
T01607,C0122,S008,2023-11-21
T01614,C0178,S008,2024-05-15
T01632,C0290,S008,2023-10-30
T01675,C0234,S008,2025-07-17
T01693,C0483,S008,2025-08-07
T01709,C0297,S008,2025-03-27
T01716,C0134,S008,2024-10-24
T01733,C0453,S008,2023-11-09
T01737,C0239,S008,2024-04-27
T01741,C0394,S008,2024-11-11
T01745,C0457,S008,2025-01-10
T01749,C0486,S008,2024-05-20
T01777,C0338,S008,2025-06-15
T01797,C0038,S008,2025-06-15
T01798,C0304,S008,2025-08-13
T01799,C0387,S008,2023-10-29
T01804,C0255,S008,2024-12-10
T01814,C0361,S008,2025-07-12
T01836,C0108,S008,2024-11-29
T01865,C0145,S008,2024-11-22
T01881,C0440,S008,2025-01-06
T01889,C0251,S008,2025-07-31
T01892,C0229,S008,2024-08-24
T01897,C0290,S008,2024-02-07
T01900,C0119,S008,2025-07-31
T01904,C0033,S008,2024-02-21
T01906,C0441,S008,2024-11-11
T01981,C0407,S008,2023-12-14
T01990,C0348,S008,2024-04-23
T02003,C0125,S008,2024-12-31
T02017,C0403,S008,2024-10-17
T02028,C0498,S008,2024-12-22
T02032,C0446,S008,2024-07-27
T02035,C0208,S008,2024-12-29
T02039,C0355,S008,2023-12-14
T02088,C0338,S008,2024-03-27
T02095,C0050,S008,2025-07-20
T02105,C0149,S008,2025-08-09
T02131,C0146,S008,2024-09-08
T02153,C0098,S008,2025-01-13
T02203,C0290,S008,2025-05-12
T02221,C0355,S008,2025-07-06
T02243,C0358,S008,2024-11-18
T02258,C0122,S008,2023-11-23
T02301,C0361,S008,2024-06-11
T02326,C0058,S008,2024-08-17
T02353,C0347,S008,2024-05-01
T02355,C0131,S008,2025-07-30
T02371,C0098,S008,2024-08-09
T02384,C0354,S008,2024-07-06
T02393,C0167,S008,2025-08-08
T02401,C0287,S008,2024-10-19
T02417,C0313,S008,2024-07-17
T02423,C0337,S008,2025-03-29
T02438,C0164,S008,2025-01-14
T02440,C0326,S008,2024-03-12
T02444,C0028,S008,2024-02-13
T02461,C0361,S008,2025-02-06
T02470,C0068,S008,2024-07-31
T02483,C0218,S008,2024-01-03
T02485,C0299,S008,2025-02-09
T02514,C0036,S008,2023-08-22
T02528,C0346,S008,2025-06-11
T02540,C0131,S008,2024-05-30
T02554,C0138,S008,2024-11-07
T02580,C0004,S008,2025-08-11
T02590,C0096,S008,2025-03-28
T02593,C0237,S008,2023-10-04
T02616,C0290,S008,2024-11-27
T02629,C0447,S008,2024-12-03
T02660,C0444,S008,2025-03-01
T02665,C0111,S008,2024-01-23
T02676,C0413,S008,2025-04-20
T02694,C0017,S008,2024-01-31
T02697,C0026,S008,2024-06-15
T02725,C0425,S008,2025-02-14
T02737,C0284,S008,2025-06-25
T02747,C0037,S008,2025-08-05
T02759,C0085,S008,2025-04-09
T02813,C0182,S008,2023-09-10
T02819,C0077,S008,2024-02-05
T02820,C0014,S008,2025-07-11
T02831,C0011,S008,2024-09-29
T02835,C0230,S008,2024-11-16
T02836,C0093,S008,2024-04-25
T02838,C0468,S008,2024-10-31
T02847,C0065,S008,2025-03-10
T02857,C0381,S008,2023-12-08
T02871,C0421,S008,2023-10-01
T02876,C0031,S008,2023-10-29
T02889,C0329,S008,2023-11-10
T02892,C0026,S008,2024-04-09
T02893,C0231,S008,2024-02-13
T02916,C0418,S008,2024-12-12
T02929,C0386,S008,2023-11-11
T02943,C0326,S008,2024-11-23
T02979,C0428,S008,2024-11-11
T00008,C0440,S009,2025-05-21
T00014,C0348,S009,2023-12-15
T00030,C0061,S009,2024-06-21
T00064,C0110,S009,2023-10-15
T00116,C0338,S009,2024-04-25
T00144,C0204,S009,2025-08-01
T00155,C0102,S009,2024-10-06
T00185,C0287,S009,2023-11-19
T00240,C0108,S009,2024-10-21
T00251,C0199,S009,2025-07-19
T00252,C0165,S009,2024-04-01
T00276,C0235,S009,2024-09-01
T00278,C0439,S009,2025-05-15
T00309,C0128,S009,2024-01-05
T00346,C0173,S009,2023-08-31
T00347,C0179,S009,2023-12-11
T00391,C0195,S009,2024-10-25
T00411,C0042,S009,2024-03-23
T00428,C0060,S009,2025-03-01
T00445,C0164,S009,2024-12-13
T00455,C0423,S009,2024-05-21
T00469,C0040,S009,2023-09-08
T00470,C0035,S009,2025-02-07
T00516,C0315,S009,2024-02-06
T00518,C0262,S009,2025-06-30
T00538,C0240,S009,2024-04-13
T00612,C0238,S009,2024-10-29
T00613,C0276,S009,2024-01-17
T00622,C0106,S009,2024-09-16
T00651,C0246,S009,2025-03-20
T00660,C0072,S009,2024-09-04
T00665,C0487,S009,2023-10-29
T00671,C0233,S009,2024-09-06
T00684,C0285,S009,2023-10-18
T00693,C0157,S009,2023-10-07
T00694,C0066,S009,2025-04-20
T00733,C0307,S009,2024-08-17
T00763,C0126,S009,2025-06-24
T00764,C0265,S009,2023-09-17
T00807,C0424,S009,2024-01-11
T00821,C0496,S009,2025-06-27
T00868,C0202,S009,2024-09-05
T00874,C0218,S009,2024-11-28
T00876,C0316,S009,2025-07-27
T00893,C0356,S009,2024-04-18
T00904,C0108,S009,2024-07-12
T00930,C0046,S009,2024-02-13
T00952,C0108,S009,2024-04-15
T00970,C0150,S009,2023-10-26
T00999,C0397,S009,2024-02-20
T01031,C0353,S009,2023-08-26
T01041,C0332,S009,2025-01-08
T01084,C0488,S009,2023-08-20
T01089,C0080,S009,2024-10-28
T01093,C0321,S009,2025-01-08
T01114,C0476,S009,2025-06-22
T01116,C0402,S009,2025-03-20
T01129,C0312,S009,2025-07-17
T01147,C0345,S009,2024-11-26
T01166,C0270,S009,2024-03-07
T01168,C0103,S009,2024-08-05
T01172,C0331,S009,2023-11-13
T01178,C0295,S009,2023-11-01
T01186,C0439,S009,2024-07-05
T01236,C0406,S009,2024-12-11
T01241,C0075,S009,2023-11-09
T01248,C0400,S009,2025-07-17
T01281,C0222,S009,2023-09-11
T01301,C0123,S009,2023-11-01
T01324,C0373,S009,2024-09-11
T01328,C0302,S009,2024-05-11
T01341,C0039,S009,2025-06-19
T01356,C0020,S009,2024-05-19
T01361,C0300,S009,2024-01-29
T01387,C0478,S009,2025-05-02
T01398,C0232,S009,2023-10-17
T01481,C0101,S009,2023-10-15
T01482,C0330,S009,2025-05-07
T01495,C0444,S009,2024-10-25
T01550,C0197,S009,2025-02-08
T01567,C0091,S009,2023-10-21
T01629,C0132,S009,2023-10-05
T01650,C0390,S009,2023-10-31
T01674,C0299,S009,2023-09-14
T01682,C0138,S009,2023-08-31
T01703,C0404,S009,2025-01-12
T01713,C0009,S009,2024-10-30
T01736,C0338,S009,2024-10-18
T01770,C0173,S009,2024-03-13
T01815,C0214,S009,2024-04-04
T01833,C0377,S009,2024-01-12
T01845,C0380,S009,2024-04-02
T01856,C0050,S009,2024-12-29
T01971,C0366,S009,2024-06-30
T01980,C0337,S009,2024-03-18
T01983,C0030,S009,2023-12-09
T02005,C0401,S009,2024-03-05
T02016,C0403,S009,2024-04-08
T02023,C0441,S009,2023-12-25
T02024,C0272,S009,2023-10-25
T02036,C0001,S009,2024-04-19
T02042,C0273,S009,2024-05-15
T02051,C0002,S009,2025-05-12
T02066,C0483,S009,2025-08-04
T02069,C0303,S009,2023-09-18
T02075,C0153,S009,2024-11-08
T02121,C0146,S009,2024-08-01
T02139,C0087,S009,2024-08-18
T02148,C0431,S009,2023-10-24
T02176,C0498,S009,2024-10-15
T02198,C0137,S009,2024-10-20
T02262,C0496,S009,2025-04-20
T02291,C0002,S009,2024-11-12
T02310,C0348,S009,2023-10-20
T02337,C0005,S009,2024-11-10
T02373,C0477,S009,2025-07-24
T02374,C0140,S009,2023-10-23
T02375,C0482,S009,2024-04-02
T02388,C0388,S009,2023-12-28
T02408,C0136,S009,2024-05-18
T02487,C0282,S009,2023-10-22
T02515,C0339,S009,2024-01-11
T02521,C0055,S009,2024-08-24
T02538,C0308,S009,2025-03-10
T02547,C0080,S009,2024-11-30
T02548,C0426,S009,2025-03-23
T02564,C0064,S009,2023-12-13
T02576,C0246,S009,2023-10-22
T02583,C0039,S009,2025-05-14
T02621,C0351,S009,2024-03-06
T02634,C0462,S009,2024-07-23
T02648,C0145,S009,2024-01-27
T02654,C0400,S009,2024-04-06
T02678,C0147,S009,2024-03-19
T02713,C0267,S009,2024-09-30
T02726,C0406,S009,2025-03-18
T02732,C0379,S009,2024-05-20
T02767,C0001,S009,2025-05-11
T02769,C0355,S009,2023-12-09
T02834,C0337,S009,2024-10-21
T02843,C0422,S009,2023-08-24
T02850,C0239,S009,2023-11-11
T02865,C0255,S009,2024-08-20
T02917,C0340,S009,2024-07-30
T02938,C0100,S009,2025-02-02
T02996,C0093,S009,2023-12-15
T00007,C0148,S010,2025-06-25
T00023,C0238,S010,2024-04-17
T00037,C0072,S010,2024-11-03
T00041,C0181,S010,2025-01-26
T00054,C0313,S010,2024-07-27
T00095,C0059,S010,2025-03-07
T00101,C0202,S010,2024-03-21
T00121,C0452,S010,2023-12-29
T00146,C0190,S010,2023-12-27
T00207,C0369,S010,2023-11-12
T00287,C0330,S010,2024-03-29
T00288,C0404,S010,2023-09-24
T00290,C0147,S010,2024-08-26
T00297,C0356,S010,2024-03-27
T00307,C0491,S010,2024-03-16
T00318,C0127,S010,2024-08-07
T00331,C0440,S010,2025-06-30
T00343,C0168,S010,2024-08-06
T00412,C0225,S010,2024-04-04
T00422,C0145,S010,2024-07-05
T00453,C0441,S010,2024-09-28
T00472,C0452,S010,2025-06-06
T00473,C0152,S010,2023-11-07
T00496,C0491,S010,2025-05-24
T00498,C0160,S010,2024-05-31
T00505,C0399,S010,2024-08-27
T00633,C0001,S010,2025-01-10
T00635,C0373,S010,2023-12-30
T00648,C0086,S010,2025-08-15
T00662,C0239,S010,2025-05-23
T00730,C0457,S010,2025-07-08
T00786,C0254,S010,2024-04-21
T00795,C0168,S010,2025-01-19
T00799,C0304,S010,2024-11-24
T00815,C0256,S010,2023-11-10
T00826,C0488,S010,2025-04-26
T00828,C0081,S010,2024-06-03
T00865,C0294,S010,2025-02-07
T00881,C0231,S010,2023-11-13
T00882,C0489,S010,2025-05-17
T00885,C0359,S010,2024-08-17
T00894,C0042,S010,2025-07-15
T00897,C0129,S010,2025-02-23
T00900,C0264,S010,2025-08-07
T00907,C0379,S010,2025-04-09
T00911,C0490,S010,2025-08-14
T00920,C0445,S010,2024-09-02
T00935,C0133,S010,2023-08-28
T00950,C0079,S010,2023-11-03
T00963,C0088,S010,2025-08-05
T00971,C0202,S010,2025-07-10
T00976,C0458,S010,2025-03-07
T00988,C0215,S010,2025-04-09
T00989,C0457,S010,2024-12-13
T01006,C0285,S010,2024-01-03
T01039,C0477,S010,2025-01-22
T01053,C0147,S010,2024-05-25
T01077,C0204,S010,2024-02-12
T01103,C0181,S010,2024-08-09
T01117,C0409,S010,2024-06-08
T01122,C0189,S010,2024-10-24
T01132,C0401,S010,2024-05-24
T01155,C0464,S010,2024-12-20
T01171,C0115,S010,2025-03-27
T01181,C0404,S010,2024-11-17
T01183,C0273,S010,2024-06-24
T01190,C0109,S010,2024-01-21
T01231,C0447,S010,2025-06-08
T01242,C0100,S010,2025-07-29
T01257,C0226,S010,2025-02-22
T01276,C0094,S010,2024-04-10
T01290,C0085,S010,2024-01-02
T01336,C0234,S010,2024-10-21
T01365,C0057,S010,2024-10-22
T01377,C0123,S010,2024-01-20
T01386,C0059,S010,2023-11-16
T01388,C0480,S010,2024-01-11
T01395,C0435,S010,2025-05-27
T01399,C0432,S010,2023-12-01
T01400,C0278,S010,2025-07-06
T01414,C0399,S010,2024-04-04
T01425,C0310,S010,2023-11-08
T01448,C0197,S010,2024-06-28
T01460,C0385,S010,2023-11-17
T01474,C0237,S010,2024-06-21
T01479,C0391,S010,2024-05-15
T01512,C0373,S010,2024-02-01
T01517,C0111,S010,2025-02-10
T01539,C0057,S010,2024-07-26
T01547,C0369,S010,2024-06-21
T01613,C0130,S010,2023-09-18
T01623,C0201,S010,2024-06-17
T01658,C0417,S010,2025-05-02
T01687,C0316,S010,2025-05-18
T01695,C0376,S010,2024-04-11
T01726,C0409,S010,2025-02-04
T01790,C0165,S010,2024-03-02
T01796,C0088,S010,2024-01-19
T01801,C0492,S010,2023-10-12
T01832,C0262,S010,2024-11-30
T01835,C0122,S010,2024-10-29
T01851,C0351,S010,2023-11-06
T01915,C0193,S010,2024-09-07
T01963,C0326,S010,2025-03-07
T01964,C0165,S010,2024-07-11
T01972,C0213,S010,2025-05-01
T01984,C0371,S010,2024-01-21
T01985,C0328,S010,2025-07-10
T02037,C0158,S010,2025-04-19
T02048,C0441,S010,2025-03-17
T02087,C0347,S010,2023-08-21
T02106,C0463,S010,2025-02-25
T02157,C0011,S010,2024-06-25
T02233,C0286,S010,2023-09-11
T02272,C0387,S010,2023-09-14
T02296,C0149,S010,2024-08-10
T02314,C0225,S010,2025-03-08
T02323,C0212,S010,2023-09-28
T02328,C0420,S010,2024-10-23
T02352,C0301,S010,2024-06-06
T02358,C0463,S010,2025-01-23
T02359,C0466,S010,2025-02-06
T02364,C0131,S010,2024-06-15
T02366,C0068,S010,2024-07-01
T02377,C0481,S010,2023-11-12
T02431,C0201,S010,2024-04-21
T02441,C0494,S010,2024-09-26
T02469,C0443,S010,2025-02-21
T02504,C0475,S010,2024-07-07
T02586,C0194,S010,2023-11-27
T02589,C0363,S010,2025-04-25
T02600,C0076,S010,2025-07-03
T02606,C0469,S010,2024-11-15
T02607,C0100,S010,2023-11-27
T02625,C0130,S010,2025-03-18
T02710,C0335,S010,2024-02-12
T02712,C0161,S010,2024-11-02
T02727,C0032,S010,2024-10-04
T02745,C0413,S010,2025-07-08
T02778,C0257,S010,2024-06-17
T02784,C0417,S010,2024-04-26
T02785,C0355,S010,2025-04-10
T02790,C0140,S010,2024-02-01
T02803,C0126,S010,2024-03-28
T02875,C0331,S010,2025-05-19
T02914,C0394,S010,2024-01-19
T02915,C0084,S010,2024-02-11
T02940,C0033,S010,2025-05-22
T02942,C0014,S010,2025-05-22
T02974,C0308,S010,2023-12-08
T02990,C0188,S010,2025-07-28
T00016,C0247,S011,2024-04-27
T00038,C0312,S011,2024-10-05
T00043,C0329,S011,2025-05-08
T00078,C0109,S011,2025-03-17
T00093,C0228,S011,2023-08-21
T00109,C0303,S011,2023-12-14
T00113,C0338,S011,2024-05-27
T00122,C0115,S011,2023-09-30
T00170,C0420,S011,2024-09-24
T00174,C0335,S011,2023-10-14
T00211,C0425,S011,2024-11-23
T00215,C0250,S011,2025-04-16
T00260,C0406,S011,2024-01-18
T00268,C0010,S011,2024-02-17
T00303,C0034,S011,2024-10-30
T00321,C0464,S011,2024-02-01
T00323,C0357,S011,2025-06-10
T00332,C0084,S011,2024-05-20
T00344,C0193,S011,2025-05-30
T00386,C0177,S011,2025-08-09
T00397,C0349,S011,2025-05-25
T00517,C0061,S011,2025-08-09
T00526,C0026,S011,2023-10-02
T00531,C0138,S011,2024-11-08
T00542,C0314,S011,2023-10-04
T00552,C0404,S011,2024-09-06
T00568,C0233,S011,2024-11-05
T00608,C0284,S011,2023-09-24
T00616,C0147,S011,2024-01-27
T00619,C0491,S011,2023-12-12
T00626,C0496,S011,2023-10-08
T00629,C0339,S011,2024-02-27
T00640,C0148,S011,2025-01-12
T00661,C0242,S011,2025-05-24
T00715,C0325,S011,2023-09-09
T00729,C0058,S011,2025-04-01
T00737,C0166,S011,2023-08-27
T00768,C0389,S011,2024-09-09
T00770,C0184,S011,2025-06-03
T00791,C0432,S011,2024-09-16
T00814,C0316,S011,2025-04-09
T00831,C0180,S011,2023-12-04
T00834,C0292,S011,2024-12-23
T00858,C0187,S011,2024-08-22
T00860,C0486,S011,2025-06-17
T00861,C0159,S011,2025-01-15
T00896,C0374,S011,2024-04-21
T00901,C0101,S011,2023-08-29
T00922,C0443,S011,2023-09-14
T00933,C0214,S011,2024-05-17
T00964,C0335,S011,2025-01-01
T01010,C0480,S011,2023-08-29
T01026,C0140,S011,2025-07-26
T01052,C0364,S011,2024-10-29
T01058,C0480,S011,2024-09-19
T01108,C0365,S011,2025-07-27
T01123,C0011,S011,2024-07-11
T01133,C0383,S011,2025-03-25
T01141,C0323,S011,2025-03-03
T01158,C0325,S011,2024-08-17
T01164,C0228,S011,2024-05-29
T01195,C0397,S011,2024-09-17
T01200,C0125,S011,2024-11-03
T01205,C0211,S011,2025-03-23
T01207,C0430,S011,2024-10-20
T01209,C0103,S011,2025-01-03
T01223,C0010,S011,2025-02-11
T01238,C0288,S011,2024-12-11
T01277,C0055,S011,2023-11-12
T01287,C0034,S011,2024-06-19
T01292,C0013,S011,2024-10-22
T01297,C0362,S011,2024-04-19
T01337,C0092,S011,2024-07-17
T01344,C0015,S011,2024-11-25
T01363,C0003,S011,2024-09-22
T01372,C0288,S011,2025-03-03
T01382,C0360,S011,2024-06-11
T01390,C0297,S011,2024-12-06
T01393,C0292,S011,2025-07-03
T01402,C0066,S011,2024-01-11
T01418,C0411,S011,2024-01-23
T01464,C0489,S011,2023-12-24
T01473,C0211,S011,2025-07-28
T01475,C0295,S011,2024-08-25
T01493,C0120,S011,2024-10-26
T01515,C0052,S011,2025-07-01
T01524,C0281,S011,2024-03-10
T01536,C0283,S011,2024-07-03
T01557,C0301,S011,2024-03-27
T01563,C0468,S011,2025-03-25
T01635,C0498,S011,2024-01-03
T01667,C0101,S011,2024-12-07
T01684,C0237,S011,2024-10-17
T01686,C0411,S011,2024-01-08
T01724,C0036,S011,2025-07-15
T01732,C0482,S011,2024-01-14
T01763,C0391,S011,2025-03-20
T01841,C0429,S011,2024-05-19
T01848,C0267,S011,2024-02-22
T01863,C0005,S011,2023-12-24
T01872,C0151,S011,2023-09-09
T01887,C0207,S011,2024-04-15
T01924,C0009,S011,2025-01-10
T01925,C0008,S011,2025-02-26
T01943,C0270,S011,2025-05-28
T01973,C0182,S011,2024-02-05
T01995,C0404,S011,2024-12-08
T01997,C0435,S011,2024-02-12
T01998,C0224,S011,2023-11-12
T02014,C0271,S011,2025-05-23
T02020,C0419,S011,2024-08-30
T02022,C0174,S011,2025-05-29
T02064,C0307,S011,2025-03-16
T02068,C0067,S011,2025-06-24
T02070,C0321,S011,2024-05-31
T02137,C0041,S011,2023-09-15
T02144,C0129,S011,2024-12-25
T02172,C0248,S011,2024-02-24
T02197,C0075,S011,2025-03-12
T02204,C0287,S011,2025-02-20
T02207,C0111,S011,2023-12-09
T02247,C0110,S011,2025-02-02
T02252,C0355,S011,2024-11-15
T02264,C0351,S011,2024-11-19
T02275,C0454,S011,2023-12-11
T02281,C0281,S011,2025-02-12
T02282,C0123,S011,2024-05-06
T02309,C0212,S011,2023-12-20
T02320,C0231,S011,2023-11-03
T02327,C0356,S011,2024-08-19
T02331,C0199,S011,2025-08-08
T02341,C0197,S011,2023-10-31
T02376,C0381,S011,2024-03-22
T02392,C0480,S011,2024-12-15
T02400,C0254,S011,2024-01-10
T02413,C0182,S011,2025-07-13
T02422,C0275,S011,2024-07-29
T02477,C0044,S011,2024-01-24
T02569,C0323,S011,2024-12-10
T02603,C0477,S011,2025-01-29
T02608,C0236,S011,2025-01-22
T02622,C0128,S011,2025-08-13
T02632,C0354,S011,2024-02-08
T02637,C0280,S011,2025-06-21
T02677,C0219,S011,2024-12-01
T02682,C0124,S011,2025-07-13
T02693,C0120,S011,2024-11-28
T02706,C0474,S011,2024-04-13
T02729,C0275,S011,2025-06-05
T02734,C0016,S011,2025-01-05
T02739,C0235,S011,2024-02-28
T02744,C0375,S011,2025-02-28
T02761,C0123,S011,2024-12-11
T02774,C0325,S011,2025-06-05
T02793,C0350,S011,2024-01-02
T02796,C0149,S011,2025-05-10
T02808,C0155,S011,2024-12-06
T02829,C0236,S011,2025-07-04
T02849,C0009,S011,2024-10-02
T02883,C0200,S011,2024-07-31
T02885,C0155,S011,2024-12-17
T02912,C0254,S011,2024-03-17
T02922,C0491,S011,2024-07-27
T02950,C0342,S011,2024-03-10
T02981,C0162,S011,2023-10-03
T02989,C0467,S011,2024-01-23
T00048,C0338,S012,2024-08-04
T00063,C0122,S012,2025-02-20
T00066,C0032,S012,2024-09-04
T00073,C0498,S012,2025-07-08
T00074,C0355,S012,2023-12-15
T00092,C0177,S012,2025-04-10
T00130,C0275,S012,2025-05-11
T00135,C0176,S012,2024-05-21
T00156,C0014,S012,2025-04-07
T00159,C0247,S012,2024-11-10
T00160,C0365,S012,2025-05-26
T00191,C0493,S012,2023-11-24
T00234,C0448,S012,2023-08-22
T00246,C0376,S012,2023-10-30
T00261,C0203,S012,2023-10-06
T00270,C0395,S012,2025-04-28
T00275,C0118,S012,2025-06-27
T00298,C0052,S012,2023-12-18
T00352,C0234,S012,2024-11-15
T00353,C0491,S012,2024-04-11
T00392,C0402,S012,2023-09-01
T00405,C0461,S012,2024-12-31
T00414,C0477,S012,2024-01-08
T00486,C0405,S012,2024-08-02
T00537,C0492,S012,2025-07-23
T00563,C0363,S012,2024-12-24
T00611,C0375,S012,2024-09-10
T00625,C0429,S012,2025-02-19
T00673,C0199,S012,2024-03-02
T00679,C0144,S012,2025-02-14
T00682,C0420,S012,2024-05-06
T00705,C0052,S012,2024-04-09
T00720,C0281,S012,2024-05-05
T00743,C0112,S012,2024-02-16
T00759,C0143,S012,2025-07-15
T00769,C0093,S012,2024-11-30
T00824,C0118,S012,2023-09-12
T00841,C0363,S012,2024-02-22
T00851,C0209,S012,2024-07-23
T00878,C0051,S012,2024-09-27
T00892,C0238,S012,2023-11-17
T00909,C0227,S012,2024-09-06
T00917,C0099,S012,2024-03-20
T00923,C0441,S012,2024-11-14
T00928,C0230,S012,2025-05-21
T00940,C0362,S012,2024-09-07
T00953,C0440,S012,2023-12-18
T01022,C0089,S012,2024-08-19
T01091,C0226,S012,2024-05-20
T01127,C0048,S012,2024-04-17
T01149,C0312,S012,2024-04-17
T01152,C0343,S012,2025-05-16
T01176,C0031,S012,2024-09-23
T01188,C0124,S012,2024-07-10
T01196,C0459,S012,2025-06-20
T01197,C0384,S012,2024-12-29
T01208,C0413,S012,2024-06-30
T01222,C0470,S012,2024-02-25
T01270,C0121,S012,2025-04-06
T01313,C0004,S012,2024-08-09
T01316,C0439,S012,2025-05-17
T01317,C0099,S012,2025-05-04
T01321,C0493,S012,2023-10-08
T01334,C0368,S012,2024-02-19
T01438,C0387,S012,2024-05-19
T01505,C0318,S012,2025-03-21
T01520,C0170,S012,2023-12-22
T01538,C0029,S012,2024-06-10
T01561,C0364,S012,2024-12-01
T01586,C0474,S012,2024-11-02
T01598,C0115,S012,2024-09-29
T01611,C0150,S012,2025-03-11
T01615,C0140,S012,2024-12-10
T01616,C0213,S012,2025-04-02
T01649,C0059,S012,2023-09-10
T01656,C0284,S012,2024-12-23
T01673,C0474,S012,2024-04-12
T01679,C0033,S012,2024-04-10
T01689,C0362,S012,2025-08-06
T01692,C0045,S012,2025-06-29
T01697,C0269,S012,2025-08-07
T01706,C0257,S012,2024-11-30
T01762,C0343,S012,2024-07-26
T01776,C0302,S012,2024-02-27
T01783,C0252,S012,2024-12-04
T01800,C0062,S012,2024-10-10
T01831,C0362,S012,2025-01-10
T01853,C0141,S012,2025-08-12
T01883,C0222,S012,2025-03-10
T01886,C0138,S012,2024-11-16
T01912,C0371,S012,2023-10-20
T01922,C0370,S012,2024-09-01
T01933,C0234,S012,2025-01-08
T01947,C0307,S012,2023-09-21
T01976,C0079,S012,2023-10-03
T01999,C0266,S012,2024-03-02
T02001,C0168,S012,2025-03-17
T02012,C0177,S012,2024-10-21
T02013,C0073,S012,2023-10-14
T02050,C0131,S012,2024-05-03
T02090,C0360,S012,2024-03-22
T02104,C0153,S012,2023-10-05
T02122,C0423,S012,2024-01-30
T02126,C0154,S012,2025-02-28
T02127,C0441,S012,2024-09-02
T02130,C0356,S012,2024-07-17
T02143,C0388,S012,2024-02-25
T02150,C0251,S012,2023-08-25
T02151,C0290,S012,2024-06-04
T02152,C0368,S012,2025-07-20
T02154,C0079,S012,2024-02-13
T02160,C0499,S012,2023-12-16
T02164,C0138,S012,2024-11-10
T02182,C0191,S012,2024-09-01
T02188,C0286,S012,2024-09-06
T02190,C0104,S012,2024-06-23
T02214,C0025,S012,2025-02-23
T02228,C0280,S012,2024-08-15
T02235,C0314,S012,2024-11-29
T02256,C0434,S012,2024-12-02
T02270,C0279,S012,2024-04-30
T02292,C0239,S012,2025-07-21
T02318,C0089,S012,2025-05-18
T02334,C0019,S012,2025-06-02
T02339,C0060,S012,2025-07-21
T02389,C0111,S012,2023-12-24
T02395,C0103,S012,2024-06-26
T02396,C0359,S012,2024-07-17
T02397,C0490,S012,2024-04-16
T02410,C0316,S012,2024-06-25
T02420,C0280,S012,2025-03-01
T02456,C0199,S012,2024-08-05
T02459,C0382,S012,2024-03-03
T02472,C0429,S012,2024-11-27
T02479,C0113,S012,2024-02-02
T02524,C0497,S012,2023-12-31
T02556,C0185,S012,2024-10-09
T02577,C0048,S012,2025-01-20
T02609,C0102,S012,2024-11-07
T02615,C0127,S012,2024-10-08
T02652,C0327,S012,2024-08-19
T02672,C0311,S012,2024-07-12
T02696,C0304,S012,2025-02-28
T02743,C0119,S012,2023-08-28
T02762,C0230,S012,2025-04-04
T02764,C0078,S012,2024-12-13
T02780,C0089,S012,2023-12-05
T02792,C0221,S012,2025-04-30
T02870,C0156,S012,2025-02-16
T02872,C0102,S012,2024-06-26
T02879,C0084,S012,2024-07-09
T02884,C0119,S012,2025-05-01
T02960,C0140,S012,2023-11-22
T02964,C0030,S012,2024-12-06
T02986,C0156,S012,2024-09-21
T00006,C0239,S013,2025-08-08
T00011,C0062,S013,2024-09-03
T00019,C0469,S013,2023-11-27
T00070,C0207,S013,2024-08-12
T00079,C0292,S013,2024-11-12
T00082,C0093,S013,2025-05-25
T00105,C0340,S013,2025-04-12
T00137,C0402,S013,2024-01-02
T00153,C0113,S013,2025-06-01
T00181,C0043,S013,2025-05-23
T00183,C0219,S013,2025-07-09
T00186,C0209,S013,2024-04-17
T00188,C0340,S013,2024-10-11
T00189,C0350,S013,2025-04-11
T00214,C0362,S013,2024-01-26
T00216,C0091,S013,2024-05-03
T00224,C0170,S013,2024-09-09
T00228,C0170,S013,2024-03-18
T00274,C0131,S013,2024-12-01
T00293,C0498,S013,2024-01-14
T00329,C0102,S013,2023-08-31
T00342,C0287,S013,2023-10-22
T00367,C0103,S013,2023-09-13
T00368,C0244,S013,2023-10-17
T00382,C0286,S013,2025-05-01
T00410,C0347,S013,2024-02-11
T00415,C0044,S013,2024-01-23
T00427,C0353,S013,2024-09-14
T00463,C0078,S013,2024-11-22
T00466,C0267,S013,2023-12-19
T00485,C0364,S013,2024-03-03
T00494,C0342,S013,2024-02-03
T00533,C0384,S013,2025-06-05
T00543,C0239,S013,2023-10-06
T00544,C0414,S013,2024-01-29
T00558,C0493,S013,2024-02-06
T00567,C0189,S013,2025-06-30
T00627,C0490,S013,2024-01-19
T00652,C0430,S013,2025-06-01
T00692,C0161,S013,2024-12-13
T00741,C0131,S013,2023-10-27
T00756,C0471,S013,2024-02-09
T00781,C0385,S013,2024-06-13
T00794,C0437,S013,2025-04-23
T00803,C0034,S013,2023-09-02
T00806,C0319,S013,2025-02-04
T00808,C0093,S013,2024-09-13
T00823,C0432,S013,2024-03-17
T00875,C0099,S013,2023-11-29
T00910,C0090,S013,2025-07-27
T00913,C0311,S013,2024-03-16
T00945,C0418,S013,2024-10-14
T00956,C0216,S013,2023-10-17
T00960,C0095,S013,2025-03-20
T01015,C0042,S013,2024-06-19
T01016,C0293,S013,2025-06-07
T01025,C0240,S013,2024-09-15
T01040,C0219,S013,2024-10-18
T01055,C0312,S013,2023-11-20
T01206,C0472,S013,2024-06-13
T01214,C0160,S013,2024-11-11
T01245,C0446,S013,2025-01-17
T01265,C0179,S013,2025-02-22
T01339,C0492,S013,2024-07-17
T01355,C0500,S013,2023-12-05
T01366,C0340,S013,2023-11-15
T01375,C0480,S013,2024-01-30
T01411,C0246,S013,2024-04-23
T01444,C0138,S013,2024-02-10
T01527,C0136,S013,2024-05-02
T01534,C0415,S013,2023-12-23
T01551,C0049,S013,2023-09-01
T01553,C0243,S013,2024-07-23
T01568,C0446,S013,2024-03-31
T01600,C0227,S013,2024-11-14
T01601,C0139,S013,2025-08-17
T01648,C0258,S013,2024-04-07
T01681,C0077,S013,2025-02-09
T01694,C0411,S013,2024-01-27
T01700,C0091,S013,2024-01-15
T01722,C0481,S013,2024-06-07
T01750,C0138,S013,2023-08-23
T01795,C0149,S013,2023-10-12
T01807,C0412,S013,2024-03-23
T01819,C0411,S013,2025-02-02
T01822,C0085,S013,2024-09-08
T01850,C0319,S013,2025-08-02
T01861,C0269,S013,2024-03-06
T01874,C0123,S013,2023-09-18
T01879,C0151,S013,2024-09-04
T01880,C0163,S013,2024-06-21
T01890,C0225,S013,2024-08-21
T01893,C0335,S013,2024-11-17
T01908,C0130,S013,2025-02-01
T01917,C0191,S013,2024-05-07
T01934,C0271,S013,2025-06-12
T01941,C0085,S013,2025-06-21
T01949,C0123,S013,2023-11-20
T02041,C0337,S013,2024-09-10
T02062,C0180,S013,2024-11-09
T02073,C0465,S013,2024-05-14
T02083,C0498,S013,2024-05-10
T02084,C0332,S013,2024-01-29
T02089,C0395,S013,2024-12-31
T02091,C0235,S013,2023-10-11
T02097,C0052,S013,2024-07-22
T02192,C0417,S013,2024-04-01
T02199,C0464,S013,2024-11-14
T02202,C0137,S013,2024-02-11
T02222,C0494,S013,2024-04-10
T02240,C0107,S013,2024-10-31
T02285,C0358,S013,2023-12-25
T02286,C0051,S013,2023-08-31
T02316,C0497,S013,2025-03-19
T02329,C0274,S013,2025-02-14
T02391,C0047,S013,2023-09-15
T02427,C0152,S013,2025-06-02
T02446,C0201,S013,2025-02-04
T02457,C0363,S013,2024-12-16
T02505,C0442,S013,2024-02-17
T02513,C0137,S013,2023-11-30
T02522,C0436,S013,2024-02-13
T02537,C0452,S013,2025-03-02
T02561,C0238,S013,2023-10-02
T02566,C0487,S013,2024-05-05
T02574,C0269,S013,2025-05-24
T02588,C0391,S013,2024-02-23
T02591,C0492,S013,2024-09-11
T02617,C0462,S013,2023-09-20
T02631,C0093,S013,2025-01-14
T02639,C0085,S013,2024-04-15
T02668,C0123,S013,2023-09-08
T02768,C0356,S013,2024-02-06
T02776,C0064,S013,2025-03-17
T02795,C0292,S013,2025-04-24
T02804,C0427,S013,2024-02-15
T02809,C0296,S013,2023-10-17
T02852,C0221,S013,2023-10-06
T02978,C0462,S013,2024-07-25
T00003,C0323,S014,2025-07-08
T00004,C0253,S014,2023-09-04
T00026,C0189,S014,2025-05-09
T00040,C0361,S014,2024-05-10
T00061,C0275,S014,2024-09-14
T00075,C0337,S014,2024-05-05
T00096,C0282,S014,2025-05-02
T00107,C0101,S014,2024-01-16
T00123,C0435,S014,2024-08-14
T00136,C0452,S014,2025-01-08
T00140,C0093,S014,2024-07-30
T00145,C0064,S014,2024-01-06
T00150,C0343,S014,2025-07-06
T00177,C0285,S014,2025-03-28
T00192,C0192,S014,2023-10-24
T00201,C0284,S014,2024-02-18
T00220,C0217,S014,2024-06-01
T00229,C0228,S014,2024-12-23
T00244,C0066,S014,2024-10-19
T00266,C0250,S014,2024-10-14
T00271,C0337,S014,2024-06-05
T00281,C0238,S014,2025-06-06
T00286,C0355,S014,2025-06-26
T00299,C0340,S014,2023-09-17
T00314,C0402,S014,2023-12-03
T00338,C0499,S014,2025-01-19
T00339,C0212,S014,2023-10-13
T00388,C0085,S014,2023-11-18
T00450,C0033,S014,2025-07-14
T00484,C0302,S014,2025-06-14
T00490,C0485,S014,2023-12-19
T00507,C0452,S014,2024-04-18
T00520,C0345,S014,2025-03-18
T00524,C0229,S014,2025-03-10
T00550,C0121,S014,2025-08-01
T00573,C0485,S014,2024-10-03
T00581,C0377,S014,2024-10-27
T00587,C0318,S014,2024-10-15
T00591,C0292,S014,2024-04-24
T00610,C0038,S014,2025-05-31
T00620,C0040,S014,2024-11-19
T00632,C0500,S014,2024-03-27
T00650,C0223,S014,2024-02-13
T00668,C0333,S014,2023-12-29
T00707,C0044,S014,2024-08-21
T00712,C0323,S014,2025-06-17
T00717,C0078,S014,2024-08-01
T00766,C0303,S014,2024-07-23
T00787,C0244,S014,2024-04-26
T00800,C0429,S014,2025-06-11
T00810,C0207,S014,2024-01-16
T00813,C0318,S014,2023-11-04
T00827,C0397,S014,2023-12-05
T00837,C0322,S014,2025-06-27
T00877,C0053,S014,2025-02-05
T00888,C0004,S014,2024-02-23
T00921,C0089,S014,2023-09-26
T00939,C0098,S014,2024-12-16
T00958,C0429,S014,2024-10-28
T00974,C0040,S014,2024-04-05
T01009,C0394,S014,2025-04-26
T01045,C0363,S014,2024-07-08
T01059,C0296,S014,2024-10-31
T01083,C0294,S014,2024-08-06
T01097,C0086,S014,2025-03-18
T01101,C0354,S014,2023-09-18
T01146,C0104,S014,2023-12-23
T01148,C0268,S014,2025-07-22
T01163,C0310,S014,2023-11-30
T01185,C0044,S014,2024-03-27
T01210,C0070,S014,2024-02-27
T01227,C0272,S014,2025-02-15
T01254,C0086,S014,2025-08-09
T01263,C0030,S014,2024-03-07
T01306,C0120,S014,2024-05-31
T01325,C0435,S014,2023-11-26
T01347,C0068,S014,2024-11-28
T01362,C0036,S014,2023-09-15
T01404,C0270,S014,2023-08-22
T01406,C0361,S014,2024-01-13
T01415,C0046,S014,2024-08-12
T01424,C0064,S014,2025-04-15
T01470,C0463,S014,2024-05-25
T01484,C0332,S014,2024-11-10
T01571,C0267,S014,2024-11-17
T01608,C0087,S014,2024-01-20
T01651,C0075,S014,2023-11-10
T01664,C0404,S014,2024-11-21
T01670,C0021,S014,2024-02-29
T01704,C0130,S014,2024-06-24
T01719,C0489,S014,2025-04-02
T01725,C0031,S014,2024-01-31
T01757,C0399,S014,2025-06-24
T01759,C0397,S014,2024-09-12
T01766,C0136,S014,2023-10-15
T01792,C0007,S014,2025-04-15
T01802,C0201,S014,2024-06-10
T01837,C0408,S014,2024-01-14
T01839,C0436,S014,2025-06-18
T01842,C0193,S014,2025-05-12
T01854,C0045,S014,2025-03-30
T01864,C0037,S014,2024-08-29
T01918,C0211,S014,2025-06-14
T01962,C0404,S014,2025-08-07
T01965,C0163,S014,2024-12-27
T02007,C0500,S014,2025-02-22
T02019,C0233,S014,2025-06-07
T02046,C0142,S014,2025-07-20
T02049,C0240,S014,2025-07-24
T02065,C0124,S014,2024-08-25
T02119,C0288,S014,2024-03-16
T02155,C0006,S014,2025-02-18
T02171,C0427,S014,2023-12-10
T02173,C0137,S014,2024-04-29
T02177,C0106,S014,2024-01-03
T02180,C0429,S014,2023-12-11
T02215,C0164,S014,2024-07-30
T02216,C0393,S014,2025-08-07
T02251,C0378,S014,2024-06-20
T02307,C0410,S014,2023-09-30
T02308,C0103,S014,2024-04-21
T02312,C0390,S014,2023-12-12
T02313,C0058,S014,2023-10-27
T02324,C0342,S014,2024-09-25
T02363,C0346,S014,2023-10-18
T02379,C0288,S014,2024-06-21
T02390,C0047,S014,2025-03-24
T02412,C0096,S014,2025-03-17
T02425,C0469,S014,2024-11-23
T02430,C0164,S014,2024-02-04
T02439,C0452,S014,2024-03-28
T02468,C0207,S014,2024-04-03
T02481,C0296,S014,2025-02-03
T02519,C0330,S014,2024-01-09
T02550,C0055,S014,2025-05-24
T02557,C0242,S014,2024-01-01
T02558,C0369,S014,2025-03-27
T02582,C0269,S014,2025-01-12
T02612,C0055,S014,2023-09-09
T02628,C0049,S014,2024-08-06
T02650,C0151,S014,2025-03-25
T02662,C0403,S014,2025-04-24
T02679,C0145,S014,2025-05-29
T02686,C0183,S014,2025-05-18
T02701,C0019,S014,2023-11-11
T02702,C0422,S014,2024-04-14
T02703,C0343,S014,2025-06-29
T02708,C0055,S014,2023-10-07
T02783,C0308,S014,2024-12-19
T02788,C0458,S014,2025-01-07
T02821,C0196,S014,2025-04-17
T02846,C0448,S014,2025-01-05
T02855,C0049,S014,2024-11-13
T02866,C0105,S014,2025-04-10
T02887,C0065,S014,2025-07-28
T02891,C0247,S014,2025-05-14
T02898,C0208,S014,2023-08-29
T02902,C0278,S014,2024-03-04
T02932,C0233,S014,2024-12-04
T02945,C0058,S014,2024-10-03
T02952,C0239,S014,2024-11-07
T02956,C0340,S014,2024-09-06
T02959,C0286,S014,2025-05-01
T02965,C0260,S014,2025-01-27
T02967,C0437,S014,2024-01-25
T02977,C0007,S014,2024-10-26
T02984,C0349,S014,2024-09-24
T02993,C0476,S014,2024-02-19
T00012,C0404,S015,2025-07-05
T00045,C0190,S015,2024-10-08
T00056,C0064,S015,2023-12-13
T00072,C0299,S015,2025-04-06
T00084,C0200,S015,2025-01-24
T00088,C0035,S015,2023-11-14
T00089,C0339,S015,2024-07-22
T00106,C0013,S015,2024-03-07
T00126,C0417,S015,2024-02-17
T00132,C0237,S015,2024-10-25
T00165,C0009,S015,2023-09-25
T00218,C0270,S015,2023-09-19
T00264,C0411,S015,2025-08-07
T00280,C0351,S015,2024-05-19
T00289,C0156,S015,2024-05-26
T00295,C0169,S015,2025-07-11
T00301,C0188,S015,2024-10-12
T00313,C0328,S015,2024-07-22
T00319,C0196,S015,2023-09-15
T00320,C0026,S015,2025-07-19
T00375,C0370,S015,2023-10-16
T00384,C0357,S015,2023-10-19
T00409,C0333,S015,2025-07-07
T00432,C0319,S015,2025-07-14
T00438,C0419,S015,2024-10-15
T00481,C0300,S015,2024-03-08
T00515,C0257,S015,2024-07-13
T00565,C0455,S015,2023-09-27
T00572,C0314,S015,2025-04-13
T00597,C0074,S015,2024-09-17
T00606,C0317,S015,2025-05-03
T00677,C0218,S015,2024-12-28
T00680,C0223,S015,2024-01-31
T00701,C0361,S015,2023-08-31
T00762,C0322,S015,2025-08-02
T00775,C0224,S015,2024-04-06
T00789,C0233,S015,2024-05-22
T00820,C0141,S015,2023-12-22
T00839,C0163,S015,2024-06-02
T00842,C0092,S015,2024-10-25
T00905,C0071,S015,2024-08-09
T00918,C0102,S015,2025-06-09
T00938,C0241,S015,2024-06-20
T00978,C0064,S015,2025-05-05
T00986,C0116,S015,2024-09-23
T01012,C0203,S015,2024-06-02
T01047,C0460,S015,2024-12-27
T01165,C0097,S015,2025-03-06
T01173,C0395,S015,2024-09-05
T01194,C0322,S015,2024-06-14
T01213,C0417,S015,2025-02-12
T01226,C0313,S015,2025-04-17
T01246,C0459,S015,2025-03-08
T01261,C0173,S015,2025-07-09
T01280,C0039,S015,2024-05-04
T01286,C0458,S015,2025-04-24
T01429,C0416,S015,2023-09-02
T01439,C0112,S015,2023-11-08
T01449,C0289,S015,2024-06-06
T01507,C0322,S015,2025-04-17
T01528,C0024,S015,2024-11-25
T01544,C0451,S015,2024-07-09
T01549,C0059,S015,2025-07-22
T01554,C0079,S015,2024-11-25
T01562,C0027,S015,2025-05-07
T01574,C0445,S015,2024-02-22
T01577,C0097,S015,2024-07-26
T01620,C0038,S015,2025-05-06
T01622,C0105,S015,2025-04-17
T01627,C0003,S015,2024-11-04
T01760,C0162,S015,2024-06-29
T01768,C0297,S015,2025-06-15
T01789,C0248,S015,2024-01-25
T01825,C0130,S015,2024-06-15
T01827,C0311,S015,2025-03-03
T01844,C0035,S015,2023-12-08
T01857,C0040,S015,2024-07-26
T01885,C0072,S015,2023-09-24
T01928,C0018,S015,2024-01-11
T01935,C0095,S015,2024-12-10
T01940,C0344,S015,2024-03-18
T01996,C0180,S015,2024-08-16
T02011,C0265,S015,2025-08-10
T02018,C0091,S015,2024-04-15
T02102,C0395,S015,2024-02-02
T02110,C0347,S015,2024-02-08
T02114,C0274,S015,2025-01-16
T02234,C0476,S015,2023-12-26
T02238,C0449,S015,2025-04-17
T02260,C0025,S015,2025-08-17
T02280,C0270,S015,2023-12-08
T02290,C0305,S015,2024-07-28
T02303,C0463,S015,2024-05-21
T02322,C0124,S015,2023-11-30
T02383,C0318,S015,2024-10-21
T02406,C0134,S015,2024-04-30
T02433,C0434,S015,2024-10-11
T02435,C0438,S015,2025-05-03
T02512,C0473,S015,2024-09-15
T02525,C0267,S015,2024-05-05
T02549,C0294,S015,2025-02-06
T02626,C0039,S015,2025-06-21
T02728,C0122,S015,2025-05-04
T02748,C0401,S015,2023-09-04
T02798,C0310,S015,2024-06-20
T02825,C0100,S015,2024-07-14
T02828,C0124,S015,2024-07-17
T02845,C0434,S015,2025-07-16
T02907,C0220,S015,2025-08-15
T02958,C0137,S015,2024-12-16
T02968,C0484,S015,2025-07-01
T02970,C0392,S015,2024-03-11
T00028,C0202,S016,2024-11-20
T00036,C0446,S016,2023-10-17
T00039,C0393,S016,2024-03-30
T00046,C0273,S016,2024-10-11
T00050,C0108,S016,2024-02-17
T00058,C0214,S016,2025-02-21
T00068,C0084,S016,2024-02-04
T00099,C0383,S016,2025-02-25
T00148,C0370,S016,2023-09-08
T00161,C0221,S016,2025-04-10
T00164,C0363,S016,2025-04-16
T00204,C0285,S016,2024-11-18
T00217,C0369,S016,2024-10-18
T00227,C0099,S016,2025-03-21
T00241,C0280,S016,2024-02-10
T00253,C0354,S016,2024-07-21
T00273,C0040,S016,2024-01-01
T00291,C0346,S016,2025-04-28
T00292,C0281,S016,2025-04-24
T00311,C0225,S016,2025-05-27
T00379,C0345,S016,2024-04-16
T00385,C0369,S016,2024-10-12
T00387,C0339,S016,2024-09-14
T00435,C0332,S016,2023-10-01
T00454,C0478,S016,2024-02-08
T00493,C0061,S016,2023-11-24
T00497,C0421,S016,2024-07-18
T00499,C0181,S016,2024-10-09
T00519,C0433,S016,2024-05-10
T00523,C0050,S016,2024-10-17
T00548,C0200,S016,2024-01-01
T00555,C0048,S016,2024-07-10
T00560,C0054,S016,2024-08-12
T00576,C0421,S016,2024-10-23
T00577,C0341,S016,2025-07-08
T00602,C0446,S016,2024-11-04
T00630,C0360,S016,2024-05-03
T00698,C0176,S016,2024-09-11
T00732,C0311,S016,2025-07-28
T00740,C0190,S016,2023-11-03
T00752,C0421,S016,2024-12-03
T00771,C0101,S016,2023-12-27
T00772,C0085,S016,2024-06-14
T00777,C0493,S016,2024-12-02
T00797,C0310,S016,2024-05-03
T00934,C0127,S016,2025-03-13
T00946,C0057,S016,2024-03-31
T00949,C0008,S016,2024-12-03
T00980,C0146,S016,2025-02-21
T01013,C0182,S016,2024-08-04
T01029,C0157,S016,2025-04-07
T01035,C0252,S016,2025-05-24
T01057,C0408,S016,2024-09-01
T01099,C0285,S016,2024-10-27
T01100,C0098,S016,2025-04-29
T01106,C0156,S016,2024-04-11
T01182,C0230,S016,2025-02-18
T01249,C0495,S016,2025-04-29
T01275,C0023,S016,2025-08-17
T01345,C0286,S016,2025-06-28
T01350,C0233,S016,2024-04-27
T01374,C0477,S016,2024-06-29
T01392,C0403,S016,2024-01-10
T01419,C0452,S016,2023-09-16
T01461,C0390,S016,2024-02-29
T01462,C0214,S016,2025-07-21
T01503,C0122,S016,2024-04-29
T01525,C0224,S016,2024-05-17
T01581,C0238,S016,2025-05-07
T01597,C0031,S016,2025-03-04
T01609,C0486,S016,2023-09-24
T01610,C0335,S016,2023-10-14
T01618,C0314,S016,2024-07-06
T01621,C0054,S016,2025-04-20
T01637,C0166,S016,2024-10-29
T01643,C0263,S016,2025-06-10
T01646,C0138,S016,2024-02-27
T01662,C0136,S016,2023-08-19
T01676,C0254,S016,2023-09-09
T01683,C0022,S016,2024-11-21
T01727,C0483,S016,2025-06-07
T01728,C0192,S016,2024-11-14
T01740,C0484,S016,2024-09-10
T01753,C0326,S016,2024-01-19
T01754,C0025,S016,2023-11-20
T01764,C0003,S016,2024-06-15
T01805,C0046,S016,2025-06-06
T01809,C0256,S016,2024-02-17
T01824,C0435,S016,2025-02-17
T01898,C0057,S016,2025-04-18
T01901,C0192,S016,2025-06-12
T01902,C0229,S016,2024-10-19
T01978,C0462,S016,2024-11-28
T02034,C0181,S016,2024-01-06
T02045,C0020,S016,2024-08-22
T02053,C0389,S016,2024-06-07
T02059,C0244,S016,2024-01-31
T02061,C0349,S016,2024-11-17
T02092,C0335,S016,2024-02-06
T02098,C0083,S016,2025-06-23
T02107,C0261,S016,2023-10-03
T02113,C0247,S016,2023-08-21
T02116,C0150,S016,2024-06-01
T02118,C0471,S016,2025-04-07
T02170,C0266,S016,2025-04-02
T02186,C0469,S016,2025-03-19
T02195,C0481,S016,2025-01-19
T02205,C0365,S016,2024-04-02
T02227,C0400,S016,2023-09-10
T02259,C0360,S016,2025-03-07
T02266,C0192,S016,2023-09-20
T02293,C0256,S016,2024-03-28
T02295,C0308,S016,2024-01-31
T02306,C0140,S016,2024-09-09
T02330,C0383,S016,2024-03-18
T02343,C0254,S016,2024-10-03
T02354,C0433,S016,2024-05-20
T02402,C0329,S016,2024-11-14
T02432,C0325,S016,2023-10-19
T02442,C0487,S016,2025-05-30
T02471,C0381,S016,2024-10-06
T02476,C0369,S016,2023-11-27
T02498,C0121,S016,2024-12-27
T02502,C0011,S016,2023-11-23
T02508,C0184,S016,2024-06-10
T02516,C0428,S016,2024-01-01
T02518,C0061,S016,2025-05-15
T02581,C0323,S016,2025-07-17
T02584,C0055,S016,2023-12-24
T02596,C0118,S016,2024-08-05
T02599,C0316,S016,2025-08-02
T02604,C0319,S016,2025-03-09
T02614,C0093,S016,2025-06-20
T02623,C0458,S016,2025-02-02
T02647,C0233,S016,2025-07-21
T02656,C0267,S016,2025-05-11
T02699,C0138,S016,2024-02-29
T02716,C0242,S016,2024-09-08
T02731,C0044,S016,2024-07-05
T02746,C0495,S016,2024-03-31
T02773,C0290,S016,2023-09-23
T02775,C0253,S016,2023-10-24
T02779,C0036,S016,2023-08-27
T02811,C0118,S016,2024-03-28
T02874,C0227,S016,2024-06-17
T02877,C0173,S016,2025-01-03
T02890,C0220,S016,2024-02-17
T02939,C0180,S016,2024-01-19
T02944,C0478,S016,2024-04-24
T02963,C0165,S016,2023-12-07
T02991,C0124,S016,2024-01-03
T02995,C0154,S016,2024-08-06
T00029,C0340,S017,2023-11-03
T00032,C0376,S017,2025-03-27
T00049,C0481,S017,2023-09-27
T00080,C0103,S017,2024-06-26
T00081,C0414,S017,2024-01-30
T00083,C0034,S017,2025-06-14
T00097,C0165,S017,2024-07-11
T00098,C0040,S017,2024-12-02
T00108,C0172,S017,2023-11-30
T00169,C0082,S017,2025-07-24
T00198,C0106,S017,2025-01-24
T00221,C0300,S017,2024-08-09
T00230,C0190,S017,2025-05-13
T00236,C0490,S017,2023-12-18
T00250,C0378,S017,2025-06-29
T00257,C0082,S017,2024-08-19
T00312,C0357,S017,2025-02-05
T00322,C0236,S017,2025-01-13
T00325,C0334,S017,2024-09-29
T00326,C0051,S017,2025-07-04
T00333,C0351,S017,2025-02-16
T00372,C0124,S017,2024-01-07
T00399,C0176,S017,2024-03-20
T00423,C0372,S017,2024-04-13
T00437,C0429,S017,2023-12-09
T00442,C0085,S017,2025-01-03
T00476,C0437,S017,2024-07-13
T00479,C0112,S017,2023-09-09
T00488,C0097,S017,2024-07-04
T00504,C0352,S017,2024-12-03
T00509,C0056,S017,2024-09-23
T00529,C0172,S017,2023-11-20
T00534,C0359,S017,2024-08-09
T00559,C0142,S017,2023-10-18
T00580,C0280,S017,2025-04-21
T00654,C0229,S017,2024-09-05
T00657,C0286,S017,2025-01-17
T00675,C0112,S017,2023-08-26
T00686,C0438,S017,2023-09-02
T00691,C0452,S017,2023-10-14
T00758,C0172,S017,2024-02-04
T00776,C0321,S017,2025-03-07
T00779,C0262,S017,2025-03-29
T00793,C0146,S017,2025-06-16
T00857,C0390,S017,2023-12-14
T00872,C0482,S017,2024-10-30
T00879,C0341,S017,2024-12-20
T00948,C0463,S017,2023-10-16
T00951,C0222,S017,2024-11-20
T00959,C0006,S017,2025-05-17
T01005,C0186,S017,2025-06-16
T01046,C0144,S017,2024-07-06
T01051,C0488,S017,2024-11-09
T01061,C0138,S017,2023-10-10
T01067,C0148,S017,2024-02-10
T01080,C0033,S017,2024-03-04
T01096,C0219,S017,2023-11-24
T01170,C0024,S017,2023-09-24
T01192,C0254,S017,2023-12-21
T01211,C0058,S017,2023-12-11
T01221,C0440,S017,2024-02-03
T01234,C0352,S017,2024-12-01
T01256,C0472,S017,2025-02-23
T01288,C0309,S017,2025-03-12
T01335,C0148,S017,2023-08-28
T01342,C0286,S017,2024-04-14
T01351,C0157,S017,2023-09-14
T01360,C0038,S017,2024-01-26
T01369,C0147,S017,2025-02-21
T01376,C0131,S017,2023-10-31
T01389,C0496,S017,2023-09-23
T01396,C0086,S017,2023-12-23
T01397,C0477,S017,2023-11-17
T01416,C0106,S017,2025-05-10
T01468,C0338,S017,2025-07-29
T01487,C0145,S017,2025-07-01
T01496,C0176,S017,2025-03-22
T01498,C0252,S017,2024-01-01
T01500,C0310,S017,2024-03-24
T01543,C0499,S017,2024-10-02
T01591,C0226,S017,2024-08-01
T01594,C0008,S017,2024-01-26
T01617,C0312,S017,2025-03-31
T01628,C0413,S017,2024-07-21
T01634,C0480,S017,2024-02-10
T01654,C0157,S017,2024-08-12
T01668,C0181,S017,2024-06-08
T01705,C0468,S017,2024-10-24
T01707,C0241,S017,2025-08-11
T01767,C0051,S017,2025-05-25
T01772,C0346,S017,2025-06-28
T01774,C0235,S017,2024-07-31
T01779,C0053,S017,2023-12-03
T01808,C0207,S017,2024-04-21
T01812,C0109,S017,2023-09-06
T01821,C0475,S017,2024-07-03
T01829,C0338,S017,2023-09-28
T01870,C0070,S017,2025-06-11
T01896,C0386,S017,2025-06-26
T01899,C0185,S017,2024-03-20
T01910,C0089,S017,2025-05-09
T01916,C0259,S017,2024-09-05
T01923,C0482,S017,2024-06-23
T01932,C0165,S017,2024-11-19
T01937,C0451,S017,2024-02-03
T01944,C0450,S017,2024-09-14
T01946,C0430,S017,2023-12-18
T01952,C0466,S017,2025-04-17
T01954,C0142,S017,2025-05-04
T01959,C0004,S017,2025-03-24
T01992,C0473,S017,2024-05-04
T02080,C0417,S017,2025-05-18
T02094,C0031,S017,2024-10-26
T02147,C0179,S017,2024-09-08
T02174,C0091,S017,2024-04-25
T02179,C0230,S017,2024-07-23
T02213,C0298,S017,2024-07-21
T02244,C0333,S017,2023-11-12
T02246,C0305,S017,2024-03-18
T02249,C0015,S017,2024-03-31
T02271,C0246,S017,2024-09-10
T02299,C0306,S017,2025-05-23
T02333,C0366,S017,2025-04-07
T02356,C0248,S017,2025-07-26
T02405,C0483,S017,2023-12-03
T02414,C0344,S017,2024-05-01
T02434,C0333,S017,2024-11-07
T02454,C0478,S017,2024-12-18
T02482,C0074,S017,2024-09-24
T02534,C0242,S017,2025-01-05
T02552,C0352,S017,2024-02-13
T02624,C0051,S017,2024-02-10
T02627,C0475,S017,2025-03-21
T02645,C0430,S017,2024-10-09
T02653,C0099,S017,2024-06-28
T02670,C0452,S017,2025-05-26
T02684,C0088,S017,2025-03-09
T02715,C0359,S017,2025-05-13
T02718,C0299,S017,2024-09-12
T02751,C0438,S017,2024-05-15
T02770,C0206,S017,2024-03-17
T02787,C0036,S017,2025-07-26
T02800,C0344,S017,2025-07-19
T02801,C0432,S017,2025-08-16
T02806,C0168,S017,2025-01-01
T02822,C0205,S017,2024-03-20
T02873,C0098,S017,2025-08-03
T02878,C0247,S017,2024-12-19
T02962,C0231,S017,2024-12-09
T02998,C0284,S017,2023-11-19
T00013,C0217,S018,2024-04-10
T00017,C0402,S018,2024-06-02
T00071,C0320,S018,2025-03-24
T00124,C0410,S018,2024-03-06
T00152,C0113,S018,2024-09-26
T00166,C0123,S018,2024-11-22
T00196,C0312,S018,2025-06-19
T00263,C0362,S018,2024-01-05
T00337,C0407,S018,2025-02-08
T00345,C0289,S018,2023-10-22
T00356,C0137,S018,2023-10-19
T00378,C0340,S018,2025-04-10
T00383,C0297,S018,2025-03-13
T00389,C0495,S018,2024-04-05
T00393,C0258,S018,2024-02-13
T00398,C0158,S018,2024-04-07
T00491,C0386,S018,2024-11-14
T00492,C0275,S018,2024-06-26
T00508,C0325,S018,2023-10-13
T00513,C0410,S018,2024-11-17
T00551,C0308,S018,2024-09-07
T00553,C0480,S018,2025-03-02
T00586,C0273,S018,2024-12-09
T00649,C0307,S018,2024-04-02
T00664,C0427,S018,2025-06-04
T00674,C0202,S018,2024-12-26
T00703,C0277,S018,2023-10-04
T00725,C0150,S018,2024-01-16
T00727,C0050,S018,2024-05-24
T00782,C0190,S018,2024-09-14
T00788,C0486,S018,2024-05-03
T00830,C0121,S018,2025-04-21
T00853,C0099,S018,2024-04-01
T00859,C0357,S018,2024-05-09
T00942,C0310,S018,2024-12-22
T00979,C0251,S018,2024-05-04
T00981,C0135,S018,2025-05-31
T00987,C0064,S018,2024-12-04
T00990,C0393,S018,2025-06-11
T00993,C0160,S018,2024-07-15
T01007,C0301,S018,2023-10-06
T01018,C0211,S018,2024-09-18
T01037,C0333,S018,2024-02-16
T01049,C0195,S018,2024-05-13
T01056,C0040,S018,2024-12-23
T01064,C0178,S018,2023-09-16
T01069,C0014,S018,2024-11-08
T01070,C0116,S018,2025-05-25
T01082,C0164,S018,2024-02-07
T01086,C0285,S018,2025-06-15
T01088,C0348,S018,2023-08-24
T01095,C0024,S018,2024-01-20
T01102,C0092,S018,2024-03-30
T01124,C0450,S018,2025-08-04
T01125,C0166,S018,2024-08-09
T01144,C0303,S018,2024-12-27
T01150,C0456,S018,2023-10-31
T01156,C0223,S018,2025-01-12
T01160,C0358,S018,2024-04-02
T01167,C0307,S018,2025-08-13
T01199,C0160,S018,2023-11-16
T01218,C0208,S018,2024-07-22
T01233,C0422,S018,2024-05-13
T01253,C0492,S018,2024-11-09
T01268,C0005,S018,2023-10-31
T01284,C0360,S018,2023-12-03
T01305,C0035,S018,2024-02-02
T01346,C0002,S018,2024-10-18
T01380,C0272,S018,2025-07-06
T01405,C0367,S018,2025-06-14
T01435,C0449,S018,2024-01-13
T01446,C0263,S018,2025-05-27
T01457,C0165,S018,2023-11-04
T01494,C0184,S018,2024-08-03
T01501,C0314,S018,2024-09-25
T01521,C0232,S018,2023-09-14
T01541,C0049,S018,2023-10-07
T01558,C0043,S018,2025-04-22
T01578,C0298,S018,2023-11-10
T01587,C0148,S018,2024-12-30
T01602,C0050,S018,2025-07-15
T01603,C0172,S018,2025-06-16
T01626,C0458,S018,2025-06-23
T01633,C0485,S018,2024-03-07
T01638,C0395,S018,2025-02-28
T01639,C0098,S018,2024-05-02
T01645,C0495,S018,2025-01-22
T01680,C0369,S018,2024-03-09
T01699,C0098,S018,2023-11-28
T01710,C0265,S018,2024-08-11
T01717,C0478,S018,2024-07-07
T01794,C0388,S018,2024-06-15
T01828,C0021,S018,2025-06-12
T01913,C0192,S018,2024-10-27
T01936,C0011,S018,2024-07-15
T01953,C0340,S018,2024-12-02
T01969,C0152,S018,2025-04-07
T01977,C0229,S018,2023-10-23
T01986,C0478,S018,2024-04-16
T02027,C0205,S018,2023-11-06
T02029,C0298,S018,2024-02-04
T02047,C0278,S018,2025-05-05
T02054,C0003,S018,2024-10-11
T02056,C0137,S018,2024-10-27
T02099,C0282,S018,2024-02-11
T02109,C0214,S018,2025-02-18
T02133,C0021,S018,2024-06-10
T02159,C0126,S018,2023-10-18
T02175,C0404,S018,2023-09-21
T02178,C0307,S018,2025-05-07
T02189,C0135,S018,2024-11-17
T02219,C0046,S018,2025-01-04
T02225,C0362,S018,2024-10-19
T02232,C0195,S018,2023-10-05
T02257,C0159,S018,2025-07-11
T02261,C0484,S018,2024-10-13
T02276,C0343,S018,2025-04-06
T02278,C0148,S018,2025-07-04
T02284,C0191,S018,2025-07-18
T02302,C0493,S018,2023-12-23
T02350,C0387,S018,2023-10-12
T02382,C0003,S018,2024-03-25
T02407,C0403,S018,2025-03-03
T02415,C0392,S018,2025-01-14
T02418,C0021,S018,2024-02-20
T02419,C0466,S018,2023-09-24
T02445,C0215,S018,2025-07-18
T02448,C0098,S018,2025-05-25
T02493,C0329,S018,2025-03-06
T02510,C0163,S018,2023-11-29
T02520,C0304,S018,2025-01-20
T02559,C0167,S018,2023-12-19
T02563,C0314,S018,2024-01-03
T02571,C0324,S018,2024-10-18
T02572,C0499,S018,2023-09-04
T02585,C0251,S018,2025-04-04
T02601,C0021,S018,2025-04-03
T02602,C0386,S018,2024-04-30
T02636,C0266,S018,2025-05-11
T02641,C0282,S018,2024-02-22
T02644,C0437,S018,2023-11-25
T02649,C0451,S018,2025-04-03
T02651,C0227,S018,2025-01-17
T02659,C0052,S018,2024-10-04
T02675,C0157,S018,2025-04-03
T02681,C0234,S018,2025-01-22
T02691,C0211,S018,2025-04-14
T02714,C0236,S018,2023-11-15
T02733,C0115,S018,2025-07-30
T02742,C0158,S018,2025-02-22
T02756,C0263,S018,2025-02-04
T02758,C0322,S018,2024-02-28
T02760,C0412,S018,2024-09-24
T02815,C0356,S018,2025-01-23
T02910,C0395,S018,2025-07-10
T02928,C0050,S018,2025-08-14
T02935,C0135,S018,2024-05-04
T02982,C0248,S018,2023-10-16
T02983,C0281,S018,2024-10-08
T02987,C0471,S018,2024-04-18
T02988,C0386,S018,2025-05-01
T00009,C0449,S019,2025-01-19
T00010,C0482,S019,2024-04-09
T00024,C0112,S019,2024-02-12
T00025,C0468,S019,2025-04-09
T00052,C0167,S019,2025-04-21
T00085,C0179,S019,2024-01-01
T00091,C0271,S019,2023-11-20
T00114,C0360,S019,2025-03-11
T00117,C0198,S019,2024-12-20
T00134,C0406,S019,2024-06-28
T00142,C0386,S019,2025-05-04
T00168,C0159,S019,2024-06-05
T00202,C0319,S019,2024-12-03
T00225,C0062,S019,2024-11-01
T00237,C0432,S019,2025-06-04
T00245,C0107,S019,2024-02-09
T00247,C0168,S019,2025-02-12
T00256,C0291,S019,2023-10-12
T00267,C0026,S019,2025-03-04
T00269,C0387,S019,2025-08-12
T00283,C0197,S019,2023-10-30
T00284,C0350,S019,2025-04-14
T00349,C0387,S019,2023-10-30
T00355,C0408,S019,2024-07-09
T00361,C0486,S019,2023-11-11
T00369,C0003,S019,2024-02-05
T00395,C0111,S019,2024-05-06
T00401,C0387,S019,2025-01-29
T00424,C0241,S019,2024-03-25
T00433,C0442,S019,2023-12-13
T00436,C0228,S019,2023-11-28
T00448,C0270,S019,2025-01-14
T00451,C0297,S019,2024-12-08
T00489,C0022,S019,2025-01-16
T00512,C0361,S019,2025-07-02
T00541,C0313,S019,2024-12-16
T00545,C0341,S019,2024-09-01
T00546,C0252,S019,2023-08-26
T00590,C0472,S019,2025-02-11
T00600,C0380,S019,2023-08-23
T00615,C0183,S019,2025-08-08
T00637,C0161,S019,2023-09-29
T00639,C0328,S019,2024-11-18
T00709,C0018,S019,2025-07-26
T00710,C0419,S019,2024-04-24
T00714,C0314,S019,2024-01-07
T00736,C0305,S019,2025-07-23
T00744,C0217,S019,2025-04-10
T00774,C0420,S019,2025-01-08
T00816,C0121,S019,2025-08-14
T00848,C0292,S019,2024-11-22
T00849,C0264,S019,2024-04-24
T00856,C0458,S019,2024-05-20
T00864,C0345,S019,2024-04-09
T00870,C0232,S019,2025-05-17
T00871,C0370,S019,2025-04-28
T00931,C0371,S019,2024-11-21
T00957,C0167,S019,2025-02-08
T00962,C0006,S019,2025-08-10
T00973,C0177,S019,2025-08-10
T00992,C0303,S019,2024-05-21
T01008,C0463,S019,2023-09-16
T01020,C0204,S019,2024-01-12
T01042,C0111,S019,2025-07-07
T01071,C0278,S019,2025-07-04
T01109,C0058,S019,2025-06-05
T01121,C0305,S019,2025-02-12
T01131,C0446,S019,2024-11-15
T01137,C0147,S019,2023-10-13
T01184,C0288,S019,2024-09-02
T01189,C0164,S019,2023-12-05
T01216,C0018,S019,2025-07-07
T01224,C0295,S019,2023-10-31
T01251,C0007,S019,2023-10-15
T01289,C0069,S019,2024-01-28
T01300,C0145,S019,2025-07-13
T01309,C0378,S019,2025-07-23
T01340,C0417,S019,2025-06-04
T01357,C0157,S019,2024-07-03
T01401,C0278,S019,2025-07-29
T01409,C0073,S019,2025-02-19
T01412,C0444,S019,2025-02-09
T01426,C0172,S019,2025-02-23
T01428,C0465,S019,2024-07-29
T01454,C0155,S019,2024-01-10
T01504,C0235,S019,2025-08-11
T01545,C0149,S019,2025-08-14
T01569,C0131,S019,2024-03-12
T01588,C0283,S019,2025-05-15
T01647,C0142,S019,2023-12-22
T01661,C0238,S019,2024-11-27
T01663,C0469,S019,2025-03-14
T01672,C0354,S019,2024-07-16
T01690,C0311,S019,2024-10-04
T01702,C0268,S019,2024-02-02
T01715,C0164,S019,2024-04-01
T01761,C0038,S019,2023-10-19
T01771,C0394,S019,2025-01-04
T01830,C0274,S019,2024-06-19
T01859,C0320,S019,2025-01-22
T01868,C0265,S019,2025-04-09
T01894,C0140,S019,2024-11-28
T01920,C0375,S019,2024-10-09
T01945,C0280,S019,2024-01-27
T01950,C0007,S019,2025-03-14
T01967,C0048,S019,2024-01-19
T01979,C0103,S019,2023-11-26
T01988,C0177,S019,2023-12-12
T02006,C0036,S019,2023-09-22
T02055,C0269,S019,2024-10-07
T02076,C0019,S019,2023-10-22
T02100,C0322,S019,2024-06-02
T02112,C0108,S019,2024-01-22
T02165,C0317,S019,2024-10-06
T02185,C0025,S019,2025-01-19
T02211,C0412,S019,2025-07-05
T02224,C0401,S019,2024-03-30
T02226,C0332,S019,2024-05-28
T02239,C0443,S019,2024-05-13
T02267,C0014,S019,2024-08-15
T02269,C0205,S019,2025-04-12
T02274,C0348,S019,2025-06-07
T02277,C0441,S019,2025-05-26
T02289,C0453,S019,2025-04-02
T02300,C0142,S019,2025-06-13
T02317,C0256,S019,2024-09-21
T02344,C0164,S019,2024-08-17
T02347,C0047,S019,2025-06-17
T02362,C0340,S019,2025-02-23
T02365,C0020,S019,2024-08-26
T02449,C0471,S019,2024-05-18
T02464,C0376,S019,2024-11-21
T02473,C0103,S019,2025-01-21
T02486,C0492,S019,2025-05-31
T02497,C0384,S019,2024-07-03
T02501,C0452,S019,2023-12-29
T02539,C0113,S019,2025-05-28
T02575,C0400,S019,2024-06-25
T02597,C0206,S019,2023-10-23
T02598,C0332,S019,2024-06-27
T02605,C0068,S019,2024-02-05
T02640,C0440,S019,2024-03-08
T02657,C0147,S019,2023-12-31
T02667,C0311,S019,2025-07-20
T02683,C0139,S019,2023-11-20
T02685,C0371,S019,2024-07-14
T02688,C0478,S019,2025-02-10
T02689,C0295,S019,2025-04-18
T02690,C0184,S019,2024-07-27
T02724,C0245,S019,2023-10-19
T02799,C0491,S019,2023-11-06
T02833,C0410,S019,2024-05-15
T02840,C0183,S019,2024-06-12
T02844,C0065,S019,2025-06-10
T02853,C0173,S019,2024-09-23
T02854,C0488,S019,2025-03-07
T02888,C0168,S019,2023-09-11
T02896,C0396,S019,2023-12-11
T02900,C0308,S019,2025-01-25
T02901,C0374,S019,2024-07-10
T02908,C0292,S019,2025-06-12
T02926,C0332,S019,2024-05-11
T02927,C0136,S019,2024-08-03
T02931,C0246,S019,2024-11-30
T02948,C0300,S019,2025-06-16
T02971,C0105,S019,2024-12-31
T02973,C0034,S019,2023-08-30
T00018,C0149,S020,2025-02-13
T00027,C0345,S020,2023-12-20
T00076,C0207,S020,2025-01-15
T00086,C0005,S020,2024-11-12
T00087,C0419,S020,2024-08-12
T00115,C0011,S020,2024-12-14
T00147,C0292,S020,2024-06-04
T00167,C0239,S020,2024-02-20
T00172,C0288,S020,2024-08-22
T00184,C0366,S020,2025-05-14
T00219,C0190,S020,2025-04-25
T00222,C0350,S020,2024-03-03
T00262,C0029,S020,2025-02-06
T00265,C0060,S020,2024-03-23
T00317,C0014,S020,2023-08-30
T00364,C0101,S020,2025-07-16
T00380,C0475,S020,2024-10-31
T00418,C0022,S020,2023-10-08
T00421,C0267,S020,2024-02-21
T00458,C0296,S020,2024-05-22
T00464,C0151,S020,2024-10-23
T00467,C0391,S020,2025-05-14
T00478,C0112,S020,2023-12-15
T00585,C0090,S020,2025-03-03
T00607,C0172,S020,2025-01-05
T00618,C0326,S020,2025-04-23
T00624,C0187,S020,2023-11-10
T00641,C0042,S020,2023-12-15
T00644,C0253,S020,2025-04-10
T00659,C0452,S020,2024-12-06
T00663,C0176,S020,2024-02-12
T00670,C0270,S020,2025-03-24
T00696,C0372,S020,2023-12-19
T00704,C0193,S020,2024-12-16
T00754,C0198,S020,2024-06-22
T00755,C0139,S020,2024-03-25
T00773,C0211,S020,2025-05-02
T00784,C0148,S020,2024-08-25
T00801,C0495,S020,2024-02-23
T00805,C0419,S020,2024-05-24
T00812,C0159,S020,2023-11-25
T00822,C0071,S020,2024-02-13
T00895,C0496,S020,2024-07-23
T00903,C0086,S020,2023-12-09
T00955,C0282,S020,2023-08-28
T00961,C0294,S020,2025-01-06
T00997,C0273,S020,2024-10-30
T01000,C0474,S020,2024-07-02
T01060,C0226,S020,2024-09-29
T01074,C0287,S020,2024-09-20
T01098,C0232,S020,2024-08-05
T01111,C0145,S020,2023-11-02
T01112,C0106,S020,2025-01-25
T01142,C0025,S020,2024-08-30
T01169,C0473,S020,2023-09-08
T01187,C0305,S020,2023-10-21
T01239,C0208,S020,2024-05-10
T01272,C0154,S020,2024-01-30
T01274,C0263,S020,2023-11-28
T01282,C0003,S020,2023-11-15
T01285,C0192,S020,2023-12-15
T01296,C0416,S020,2023-12-24
T01308,C0413,S020,2024-05-05
T01315,C0485,S020,2025-05-28
T01330,C0034,S020,2023-08-18
T01348,C0328,S020,2024-11-26
T01349,C0269,S020,2025-05-22
T01367,C0123,S020,2023-12-29
T01410,C0408,S020,2025-06-23
T01427,C0128,S020,2025-07-18
T01431,C0024,S020,2025-02-12
T01432,C0182,S020,2025-03-16
T01511,C0098,S020,2023-09-02
T01529,C0076,S020,2025-06-30
T01530,C0443,S020,2025-07-11
T01532,C0410,S020,2024-07-14
T01548,C0189,S020,2024-11-23
T01566,C0170,S020,2024-04-21
T01573,C0211,S020,2025-08-17
T01576,C0174,S020,2024-12-03
T01583,C0407,S020,2025-07-31
T01592,C0154,S020,2025-04-02
T01641,C0333,S020,2024-11-10
T01657,C0105,S020,2024-05-26
T01688,C0292,S020,2024-02-04
T01721,C0013,S020,2024-01-06
T01731,C0087,S020,2025-04-06
T01744,C0325,S020,2025-03-29
T01765,C0400,S020,2025-07-16
T01773,C0464,S020,2023-09-01
T01785,C0218,S020,2024-09-27
T01791,C0446,S020,2025-08-15
T01813,C0231,S020,2025-07-02
T01843,C0182,S020,2024-06-29
T01871,C0253,S020,2025-06-22
T01875,C0486,S020,2025-05-08
T01876,C0086,S020,2024-10-02
T01905,C0495,S020,2025-08-13
T01911,C0327,S020,2023-11-30
T01914,C0389,S020,2025-07-13
T01919,C0448,S020,2025-08-09
T01942,C0189,S020,2024-01-11
T01948,C0186,S020,2024-02-03
T01955,C0047,S020,2024-03-30
T01956,C0403,S020,2024-08-09
T01974,C0438,S020,2024-09-28
T01989,C0464,S020,2024-05-14
T02000,C0208,S020,2024-12-05
T02008,C0243,S020,2024-06-02
T02033,C0392,S020,2025-04-18
T02044,C0310,S020,2025-06-27
T02060,C0100,S020,2024-05-28
T02134,C0125,S020,2024-02-16
T02136,C0091,S020,2025-01-29
T02191,C0127,S020,2023-12-07
T02196,C0130,S020,2023-09-18
T02201,C0429,S020,2024-06-11
T02208,C0361,S020,2024-12-23
T02236,C0167,S020,2024-07-27
T02311,C0106,S020,2025-04-05
T02351,C0386,S020,2023-09-29
T02370,C0499,S020,2023-11-23
T02424,C0031,S020,2023-10-05
T02428,C0459,S020,2025-04-14
T02489,C0089,S020,2024-10-27
T02526,C0319,S020,2024-04-23
T02530,C0398,S020,2023-12-10
T02533,C0220,S020,2024-04-23
T02553,C0255,S020,2024-02-29
T02619,C0456,S020,2024-04-30
T02664,C0149,S020,2024-10-29
T02700,C0084,S020,2024-01-06
T02704,C0291,S020,2023-08-23
T02717,C0088,S020,2025-05-13
T02753,C0334,S020,2023-12-24
T02766,C0027,S020,2024-07-28
T02781,C0486,S020,2025-08-10
T02782,C0448,S020,2025-06-15
T02794,C0022,S020,2024-01-23
T02802,C0053,S020,2025-08-14
T02814,C0183,S020,2023-11-09
T02818,C0065,S020,2024-09-30
T02856,C0239,S020,2024-04-03
T02899,C0291,S020,2024-04-21
T02921,C0379,S020,2025-04-23
T02923,C0309,S020,2024-05-18
T02933,C0055,S020,2025-06-16
T02985,C0306,S020,2024-01-02
